month,row,col,latitude,longitude,mean_soil_moisture,observations
2015-04,465,2820,25.256832122802734,83.32469177246094,0.10715033954534775,195
2015-04,465,2821,25.256832122802734,83.41805267333984,0.10558870025934317,195
2015-04,465,2822,25.256832122802734,83.51141357421875,0.10513680535249222,195
2015-04,465,2823,25.256832122802734,83.60477447509766,0.10482724765554452,195
2015-04,465,2824,25.256832122802734,83.69813537597656,0.1031013612372753,195
2015-04,465,2825,25.256832122802734,83.79149627685547,0.10376312318138588,195
2015-04,465,2826,25.256832122802734,83.88485717773438,0.10556139113047185,195
2015-04,465,2827,25.256832122802734,83.97821807861328,0.08742354227564274,195
2015-04,465,2828,25.256832122802734,84.07157897949219,0.08847725949226282,195
2015-04,465,2829,25.256832122802734,84.1649398803711,0.08959874134415236,195
2015-04,465,2830,25.256832122802734,84.25830078125,0.0905260844872548,195
2015-04,465,2831,25.256832122802734,84.3516616821289,0.11196640470089056,195
2015-04,465,2832,25.256832122802734,84.44502258300781,0.11400623092284569,195
2015-04,465,2833,25.256832122802734,84.53838348388672,0.07688120578726133,195
2015-04,465,2834,25.256832122802734,84.63174438476562,0.07716556690060175,195
2015-04,465,2835,25.256832122802734,84.72510528564453,0.10621673640532371,195
2015-04,465,2836,25.256832122802734,84.81846618652344,0.1016553758046566,195
2015-04,465,2837,25.256832122802734,84.91182708740234,0.07920570635260679,195
2015-04,465,2838,25.256832122802734,85.00518798828125,0.07851835666940762,195
2015-04,465,2839,25.256832122802734,85.09854888916016,0.0786523210314604,195
2015-04,465,2840,25.256832122802734,85.19190979003906,0.07987067659313862,195
2015-04,465,2841,25.256832122802734,85.28527069091797,0.08348239282002816,195
2015-04,465,2842,25.256832122802734,85.37863159179688,0.10709188695137317,195
2015-04,465,2843,25.256832122802734,85.47199249267578,0.11099359840154648,195
2015-04,465,2844,25.256832122802734,85.56535339355469,0.11423112211319117,195
2015-04,465,2845,25.256832122802734,85.6587142944336,0.11739446467314012,195
2015-04,465,2846,25.256832122802734,85.7520751953125,0.12092495728761722,195
2015-04,465,2847,25.256832122802734,85.8454360961914,0.12569039444892835,195
2015-04,465,2848,25.256832122802734,85.93879699707031,0.12476469457913668,195
2015-04,465,2849,25.256832122802734,86.03215789794922,0.08830800448090602,195
2015-04,465,2850,25.256832122802734,86.12551879882812,0.09080136882571074,195
2015-04,465,2851,25.256832122802734,86.21887969970703,0.09050620908920581,195
2015-04,465,2852,25.256832122802734,86.31224060058594,0.09226535170888289,195
2015-04,465,2853,25.256832122802734,86.40560150146484,0.13994632882949634,195
2015-04,465,2854,25.256832122802734,86.49896240234375,0.14343628764916688,195
2015-04,465,2855,25.256832122802734,86.59232330322266,0.14916748874462568,195
2015-04,465,2856,25.256832122802734,86.68568420410156,0.1033122453934107,195
2015-04,465,2857,25.256832122802734,86.77904510498047,0.10563385072044837,195
2015-04,465,2858,25.256832122802734,86.87240600585938,0.10451980269490144,195
2015-04,465,2859,25.256832122802734,86.96576690673828,0.10349049950257326,195
2015-04,465,2860,25.256832122802734,87.05912780761719,0.10304157806512637,195
2015-04,465,2861,25.256832122802734,87.1524887084961,0.10117906679709752,195
2015-04,465,2862,25.256832122802734,87.245849609375,0.0981309868586369,195
2015-04,465,2863,25.256832122802734,87.3392105102539,0.09773691883071875,195
2015-04,465,2864,25.256832122802734,87.43257904052734,0.09399131641556055,195
2015-04,465,2865,25.256832122802734,87.52593994140625,0.13621504623920488,195
2015-04,465,2866,25.256832122802734,87.61930084228516,0.08871490542705242,195
2015-04,465,2867,25.256832122802734,87.71266174316406,0.0905727217021661,195
2015-04,465,2868,25.256832122802734,87.80602264404297,0.09033922308530563,195
2015-04,465,2869,25.256832122802734,87.89938354492188,0.11372218258105792,195
2015-04,466,2820,25.178972244262695,83.32469177246094,0.10835609688208653,195
2015-04,466,2821,25.178972244262695,83.41805267333984,0.11275328860068932,195
2015-04,466,2822,25.178972244262695,83.51141357421875,0.10745958431791036,195
2015-04,466,2823,25.178972244262695,83.60477447509766,0.10671519014315728,195
2015-04,466,2824,25.178972244262695,83.69813537597656,0.10489767279762488,195
2015-04,466,2825,25.178972244262695,83.79149627685547,0.10546717775555757,195
2015-04,466,2826,25.178972244262695,83.88485717773438,0.10636228173971177,195
2015-04,466,2827,25.178972244262695,83.97821807861328,0.08738473006165945,195
2015-04,466,2828,25.178972244262695,84.07157897949219,0.08897743467719127,195
2015-04,466,2829,25.178972244262695,84.1649398803711,0.09028726485677255,195
2015-04,466,2830,25.178972244262695,84.25830078125,0.11306503751339056,195
2015-04,466,2831,25.178972244262695,84.3516616821289,0.11276033123334249,195
2015-04,466,2832,25.178972244262695,84.44502258300781,0.07784712627912178,195
2015-04,466,2833,25.178972244262695,84.53838348388672,0.07568812490655825,195
2015-04,466,2834,25.178972244262695,84.63174438476562,0.07281556001458413,195
2015-04,466,2835,25.178972244262695,84.72510528564453,0.10537022573825641,195
2015-04,466,2836,25.178972244262695,84.81846618652344,0.10161171205914937,195
2015-04,466,2837,25.178972244262695,84.91182708740234,0.08025856272150309,195
2015-04,466,2838,25.178972244262695,85.00518798828125,0.07933747968994655,195
2015-04,466,2839,25.178972244262695,85.09854888916016,0.08089794522294631,195
2015-04,466,2840,25.178972244262695,85.19190979003906,0.08103668282811459,195
2015-04,466,2841,25.178972244262695,85.28527069091797,0.08327111727916277,195
2015-04,466,2842,25.178972244262695,85.37863159179688,0.1068967308753576,195
2015-04,466,2843,25.178972244262695,85.47199249267578,0.11113053621389928,195
2015-04,466,2844,25.178972244262695,85.56535339355469,0.11472190740780952,195
2015-04,466,2845,25.178972244262695,85.6587142944336,0.11784377728517238,195
2015-04,466,2846,25.178972244262695,85.7520751953125,0.12327340222322024,195
2015-04,466,2847,25.178972244262695,85.8454360961914,0.12775635597033377,195
2015-04,466,2848,25.178972244262695,85.93879699707031,0.1315054796827145,195
2015-04,466,2849,25.178972244262695,86.03215789794922,0.13424721020154465,195
2015-04,466,2850,25.178972244262695,86.12551879882812,0.13484582431041278,195
2015-04,466,2851,25.178972244262695,86.21887969970703,0.13706014847908266,195
2015-04,466,2852,25.178972244262695,86.31224060058594,0.13949279051560623,195
2015-04,466,2853,25.178972244262695,86.40560150146484,0.11197673368912477,195
2015-04,466,2854,25.178972244262695,86.49896240234375,0.11325213360862854,195
2015-04,466,2855,25.178972244262695,86.59232330322266,0.15054719627667695,195
2015-04,466,2856,25.178972244262695,86.68568420410156,0.15323915970631136,195
2015-04,466,2857,25.178972244262695,86.77904510498047,0.15567900099051304,195
2015-04,466,2858,25.178972244262695,86.87240600585938,0.15616587369869916,195
2015-04,466,2859,25.178972244262695,86.96576690673828,0.15603347416871632,195
2015-04,466,2860,25.178972244262695,87.05912780761719,0.15550293784875135,195
2015-04,466,2861,25.178972244262695,87.1524887084961,0.15237872042717077,195
2015-04,466,2862,25.178972244262695,87.245849609375,0.14972948168332761,195
2015-04,466,2863,25.178972244262695,87.3392105102539,0.1479957702068182,195
2015-04,466,2864,25.178972244262695,87.43257904052734,0.14346524014686926,195
2015-04,466,2865,25.178972244262695,87.52593994140625,0.13945648253728182,195
2015-04,466,2866,25.178972244262695,87.61930084228516,0.13380055805811517,195
2015-04,466,2867,25.178972244262695,87.71266174316406,0.13818961179409273,195
2015-04,466,2868,25.178972244262695,87.80602264404297,0.09679549063245456,195
2015-04,466,2869,25.178972244262695,87.89938354492188,0.09682898169908769,195
2015-04,467,2820,25.101160049438477,83.32469177246094,0.11471095218872412,195
2015-04,467,2821,25.101160049438477,83.41805267333984,0.1138525474147919,195
2015-04,467,2822,25.101160049438477,83.51141357421875,0.10899219276049198,195
2015-04,467,2823,25.101160049438477,83.60477447509766,0.10813402277536881,195
2015-04,467,2824,25.101160049438477,83.69813537597656,0.1062945170662342,195
2015-04,467,2825,25.101160049438477,83.79149627685547,0.10660423130179063,195
2015-04,467,2826,25.101160049438477,83.88485717773438,0.10600694758005631,195
2015-04,467,2827,25.101160049438477,83.97821807861328,0.08667390528015602,195
2015-04,467,2828,25.101160049438477,84.07157897949219,0.08935522662523465,195
2015-04,467,2829,25.101160049438477,84.1649398803711,0.09075034954226933,195
2015-04,467,2830,25.101160049438477,84.25830078125,0.11365942603502519,195
2015-04,467,2831,25.101160049438477,84.3516616821289,0.07650357022499427,195
2015-04,467,2832,25.101160049438477,84.44502258300781,0.07682103130679864,195
2015-04,467,2833,25.101160049438477,84.53838348388672,0.1097063823770254,195
2015-04,467,2834,25.101160049438477,84.63174438476562,0.1080632063249747,195
2015-04,467,2835,25.101160049438477,84.72510528564453,0.10577430973450343,195
2015-04,467,2836,25.101160049438477,84.81846618652344,0.08371651738117902,195
2015-04,467,2837,25.101160049438477,84.91182708740234,0.0818291224921361,195
2015-04,467,2838,25.101160049438477,85.00518798828125,0.08130398534047298,195
2015-04,467,2839,25.101160049438477,85.09854888916016,0.08270583767921497,195
2015-04,467,2840,25.101160049438477,85.19190979003906,0.08384273482056764,195
2015-04,467,2841,25.101160049438477,85.28527069091797,0.08585243471539937,195
2015-04,467,2842,25.101160049438477,85.37863159179688,0.10810718312859535,195
2015-04,467,2843,25.101160049438477,85.47199249267578,0.11213855533263622,195
2015-04,467,2844,25.101160049438477,85.56535339355469,0.11424176417864286,195
2015-04,467,2845,25.101160049438477,85.6587142944336,0.11733327301648946,195
2015-04,467,2846,25.101160049438477,85.7520751953125,0.12308654063023054,195
2015-04,467,2847,25.101160049438477,85.8454360961914,0.12960509531773054,195
2015-04,467,2848,25.101160049438477,85.93879699707031,0.13251052514100686,195
2015-04,467,2849,25.101160049438477,86.03215789794922,0.1346625621884297,195
2015-04,467,2850,25.101160049438477,86.12551879882812,0.13827866040743314,195
2015-04,467,2851,25.101160049438477,86.21887969970703,0.11109751441921943,195
2015-04,467,2852,25.101160049438477,86.31224060058594,0.11020749662166987,195
2015-04,467,2853,25.101160049438477,86.40560150146484,0.11091002692014743,195
2015-04,467,2854,25.101160049438477,86.49896240234375,0.14563511808713278,195
2015-04,467,2855,25.101160049438477,86.59232330322266,0.14934120430396153,195
2015-04,467,2856,25.101160049438477,86.68568420410156,0.1524413207020515,195
2015-04,467,2857,25.101160049438477,86.77904510498047,0.15507866537723786,195
2015-04,467,2858,25.101160049438477,86.87240600585938,0.15595553716023763,195
2015-04,467,2859,25.101160049438477,86.96576690673828,0.1578429319919684,195
2015-04,467,2860,25.101160049438477,87.05912780761719,0.15717060611798214,195
2015-04,467,2861,25.101160049438477,87.1524887084961,0.1560511588286131,195
2015-04,467,2862,25.101160049438477,87.245849609375,0.15446518380672503,195
2015-04,467,2863,25.101160049438477,87.3392105102539,0.15253193435760645,195
2015-04,467,2864,25.101160049438477,87.43257904052734,0.14677068499418405,195
2015-04,467,2865,25.101160049438477,87.52593994140625,0.14391377029510644,195
2015-04,467,2866,25.101160049438477,87.61930084228516,0.1445850005516639,195
2015-04,467,2867,25.101160049438477,87.71266174316406,0.14560147069203547,195
2015-04,467,2868,25.101160049438477,87.80602264404297,0.10379974429423992,195
2015-04,467,2869,25.101160049438477,87.89938354492188,0.10345638239612946,195
2015-04,468,2820,25.02339744567871,83.32469177246094,0.06899452455914938,195
2015-04,468,2821,25.02339744567871,83.41805267333984,0.06888896507712511,195
2015-04,468,2822,25.02339744567871,83.51141357421875,0.06900039336238152,195
2015-04,468,2823,25.02339744567871,83.60477447509766,0.06835952420265247,195
2015-04,468,2824,25.02339744567871,83.69813537597656,0.06602821598450342,195
2015-04,468,2825,25.02339744567871,83.79149627685547,0.06588736556661434,195
2015-04,468,2826,25.02339744567871,83.88485717773438,0.10669633188308814,195
2015-04,468,2827,25.02339744567871,83.97821807861328,0.10688436715266643,195
2015-04,468,2828,25.02339744567871,84.07157897949219,0.10921184111099977,195
2015-04,468,2829,25.02339744567871,84.1649398803711,0.11387101457669185,195
2015-04,468,2830,25.02339744567871,84.25830078125,0.07728372470308573,195
2015-04,468,2831,25.02339744567871,84.3516616821289,0.07650544821069791,195
2015-04,468,2832,25.02339744567871,84.44502258300781,0.11025616832268544,195
2015-04,468,2833,25.02339744567871,84.53838348388672,0.10949088136355083,195
2015-04,468,2834,25.02339744567871,84.63174438476562,0.10840124722856742,195
2015-04,468,2835,25.02339744567871,84.72510528564453,0.10622283992094872,195
2015-04,468,2836,25.02339744567871,84.81846618652344,0.08439079933823683,195
2015-04,468,2837,25.02339744567871,84.91182708740234,0.08421152809109443,195
2015-04,468,2838,25.02339744567871,85.00518798828125,0.08609594941521302,195
2015-04,468,2839,25.02339744567871,85.09854888916016,0.08848250225568428,195
2015-04,468,2840,25.02339744567871,85.19190979003906,0.08849353547661733,195
2015-04,468,2841,25.02339744567871,85.28527069091797,0.11162711177498866,195
2015-04,468,2842,25.02339744567871,85.37863159179688,0.1103447474921361,195
2015-04,468,2843,25.02339744567871,85.47199249267578,0.11504625429709753,195
2015-04,468,2844,25.02339744567871,85.56535339355469,0.11544212207962305,195
2015-04,468,2845,25.02339744567871,85.6587142944336,0.11690039279369208,195
2015-04,468,2846,25.02339744567871,85.7520751953125,0.12349657164170191,195
2015-04,468,2847,25.02339744567871,85.8454360961914,0.12886923039570833,195
2015-04,468,2848,25.02339744567871,85.93879699707031,0.13214900913910987,195
2015-04,468,2849,25.02339744567871,86.03215789794922,0.13574429295766047,195
2015-04,468,2850,25.02339744567871,86.12551879882812,0.1398436643756353,195
2015-04,468,2851,25.02339744567871,86.21887969970703,0.11336590932347836,195
2015-04,468,2852,25.02339744567871,86.31224060058594,0.1153754527370135,195
2015-04,468,2853,25.02339744567871,86.40560150146484,0.14683156365003341,195
2015-04,468,2854,25.02339744567871,86.49896240234375,0.14637442601796907,195
2015-04,468,2855,25.02339744567871,86.59232330322266,0.12689466487902862,195
2015-04,468,2856,25.02339744567871,86.68568420410156,0.1291585995982855,195
2015-04,468,2857,25.02339744567871,86.77904510498047,0.1312132933965096,195
2015-04,468,2858,25.02339744567871,86.87240600585938,0.13176229684016644,195
2015-04,468,2859,25.02339744567871,86.96576690673828,0.13377129244498717,195
2015-04,468,2860,25.02339744567871,87.05912780761719,0.13522220743008148,195
2015-04,468,2861,25.02339744567871,87.1524887084961,0.1053875191280475,195
2015-04,468,2862,25.02339744567871,87.245849609375,0.10521083015661974,195
2015-04,468,2863,25.02339744567871,87.3392105102539,0.10509040311743052,195
2015-04,468,2864,25.02339744567871,87.43257904052734,0.15084971143649176,195
2015-04,468,2865,25.02339744567871,87.52593994140625,0.1498589074382415,195
2015-04,468,2866,25.02339744567871,87.61930084228516,0.11890195472500263,195
2015-04,468,2867,25.02339744567871,87.71266174316406,0.1536354187207344,195
2015-04,468,2868,25.02339744567871,87.80602264404297,0.1563269126491669,195
2015-04,468,2869,25.02339744567871,87.89938354492188,0.10869280760869002,195
2015-04,469,2820,24.945682525634766,83.32469177246094,0.06881580115892948,195
2015-04,469,2821,24.945682525634766,83.41805267333984,0.07045811638236046,195
2015-04,469,2822,24.945682525634766,83.51141357421875,0.0685312834305641,195
2015-04,469,2823,24.945682525634766,83.60477447509766,0.06916675330736698,195
2015-04,469,2824,24.945682525634766,83.69813537597656,0.0675511213640372,195
2015-04,469,2825,24.945682525634766,83.79149627685547,0.06734860986471176,195
2015-04,469,2826,24.945682525634766,83.88485717773438,0.06691330396212064,195
2015-04,469,2827,24.945682525634766,83.97821807861328,0.06752091665298511,195
2015-04,469,2828,24.945682525634766,84.07157897949219,0.11159362082297986,195
2015-04,469,2829,24.945682525634766,84.1649398803711,0.11421155956311103,195
2015-04,469,2830,24.945682525634766,84.25830078125,0.0803141984802026,195
2015-04,469,2831,24.945682525634766,84.3516616821289,0.11136677347314664,195
2015-04,469,2832,24.945682525634766,84.44502258300781,0.11054725914429396,195
2015-04,469,2833,24.945682525634766,84.53838348388672,0.10980771640554453,195
2015-04,469,2834,24.945682525634766,84.63174438476562,0.1088743479970174,195
2015-04,469,2835,24.945682525634766,84.72510528564453,0.1090286573729454,195
2015-04,469,2836,24.945682525634766,84.81846618652344,0.10655665531372413,195
2015-04,469,2837,24.945682525634766,84.91182708740234,0.08621449841138644,195
2015-04,469,2838,24.945682525634766,85.00518798828125,0.08793193384622916,195
2015-04,469,2839,24.945682525634766,85.09854888916016,0.09160797171867811,195
2015-04,469,2840,24.945682525634766,85.19190979003906,0.09344301708997824,195
2015-04,469,2841,24.945682525634766,85.28527069091797,0.11955870852256432,195
2015-04,469,2842,24.945682525634766,85.37863159179688,0.11973211104289079,195
2015-04,469,2843,24.945682525634766,85.47199249267578,0.11924414279369208,195
2015-04,469,2844,24.945682525634766,85.56535339355469,0.11780887761941324,195
2015-04,469,2845,24.945682525634766,85.6587142944336,0.11993650052791986,195
2015-04,469,2846,24.945682525634766,85.7520751953125,0.12835575258120513,195
2015-04,469,2847,24.945682525634766,85.8454360961914,0.13061921779926006,195
2015-04,469,2848,24.945682525634766,85.93879699707031,0.08622960081467261,195
2015-04,469,2849,24.945682525634766,86.03215789794922,0.08757276556048638,195
2015-04,469,2850,24.945682525634766,86.12551879882812,0.08695114604555644,195
2015-04,469,2851,24.945682525634766,86.21887969970703,0.0887947206886915,195
2015-04,469,2852,24.945682525634766,86.31224060058594,0.09099738559661767,195
2015-04,469,2853,24.945682525634766,86.40560150146484,0.15154144316911697,195
2015-04,469,2854,24.945682525634766,86.49896240234375,0.1517605437682225,195
2015-04,469,2855,24.945682525634766,86.59232330322266,0.1284715628776795,195
2015-04,469,2856,24.945682525634766,86.68568420410156,0.13042938292790682,195
2015-04,469,2857,24.945682525634766,86.77904510498047,0.1311674388173299,195
2015-04,469,2858,24.945682525634766,86.87240600585938,0.12553412872247208,195
2015-04,469,2859,24.945682525634766,86.96576690673828,0.1338609672891788,195
2015-04,469,2860,24.945682525634766,87.05912780761719,0.13746047635108996,195
2015-04,469,2861,24.945682525634766,87.1524887084961,0.109120836128027,195
2015-04,469,2862,24.945682525634766,87.245849609375,0.110822543157981,195
2015-04,469,2863,24.945682525634766,87.3392105102539,0.11254483004793142,195
2015-04,469,2864,24.945682525634766,87.43257904052734,0.12317652836059913,195
2015-04,469,2865,24.945682525634766,87.52593994140625,0.12482447763666128,195
2015-04,469,2866,24.945682525634766,87.61930084228516,0.1278547946841289,195
2015-04,469,2867,24.945682525634766,87.71266174316406,0.12583374847204257,195
2015-04,469,2868,24.945682525634766,87.80602264404297,0.16162460763485004,195
2015-04,469,2869,24.945682525634766,87.89938354492188,0.11246031992710553,195
2015-04,470,2820,24.86801528930664,83.32469177246094,0.06694397823168681,195
2015-04,470,2821,24.86801528930664,83.41805267333984,0.06829590690441621,195
2015-04,470,2822,24.86801528930664,83.51141357421875,0.06823424578477175,195
2015-04,470,2823,24.86801528930664,83.60477447509766,0.06632955760145799,195
2015-04,470,2824,24.86801528930664,83.69813537597656,0.06582507844536732,195
2015-04,470,2825,24.86801528930664,83.79149627685547,0.06937959377582256,195
2015-04,470,2826,24.86801528930664,83.88485717773438,0.06908803349122022,195
2015-04,470,2827,24.86801528930664,83.97821807861328,0.06998337224507943,195
2015-04,470,2828,24.86801528930664,84.07157897949219,0.11507685024004716,195
2015-04,470,2829,24.86801528930664,84.1649398803711,0.08124694092533527,195
2015-04,470,2830,24.86801528930664,84.25830078125,0.07790863089836561,195
2015-04,470,2831,24.86801528930664,84.3516616821289,0.11227682332197825,195
2015-04,470,2832,24.86801528930664,84.44502258300781,0.11131145060062408,195
2015-04,470,2833,24.86801528930664,84.53838348388672,0.11035437230498363,195
2015-04,470,2834,24.86801528930664,84.63174438476562,0.11077637571172837,195
2015-04,470,2835,24.86801528930664,84.72510528564453,0.11102802833685509,195
2015-04,470,2836,24.86801528930664,84.81846618652344,0.10906903449541483,195
2015-04,470,2837,24.86801528930664,84.91182708740234,0.0892960695311045,195
2015-04,470,2838,24.86801528930664,85.00518798828125,0.09179624171975331,195
2015-04,470,2839,24.86801528930664,85.09854888916016,0.09477194043306204,195
2015-04,470,2840,24.86801528930664,85.19190979003906,0.12387952812207051,195
2015-04,470,2841,24.86801528930664,85.28527069091797,0.12940007979289078,195
2015-04,470,2842,24.86801528930664,85.37863159179688,0.1300035453377626,195
2015-04,470,2843,24.86801528930664,85.47199249267578,0.12763788535808906,195
2015-04,470,2844,24.86801528930664,85.56535339355469,0.12549476879529464,195
2015-04,470,2845,24.86801528930664,85.6587142944336,0.1257323363652596,195
2015-04,470,2846,24.86801528930664,85.7520751953125,0.08392043736500618,195
2015-04,470,2847,24.86801528930664,85.8454360961914,0.08503550271957348,195
2015-04,470,2848,24.86801528930664,85.93879699707031,0.08163334049093418,195
2015-04,470,2849,24.86801528930664,86.03215789794922,0.08298049601606834,195
2015-04,470,2850,24.86801528930664,86.12551879882812,0.08302235991144792,195
2015-04,470,2851,24.86801528930664,86.21887969970703,0.08890254950294128,195
2015-04,470,2852,24.86801528930664,86.31224060058594,0.09234258469480734,195
2015-04,470,2853,24.86801528930664,86.40560150146484,0.15212722420692443,195
2015-04,470,2854,24.86801528930664,86.49896240234375,0.15176821232606202,195
2015-04,470,2855,24.86801528930664,86.59232330322266,0.1207312096005831,195
2015-04,470,2856,24.86801528930664,86.68568420410156,0.1245657042050973,195
2015-04,470,2857,24.86801528930664,86.77904510498047,0.12447986367803354,195
2015-04,470,2858,24.86801528930664,86.87240600585938,0.1225038896768521,195
2015-04,470,2859,24.86801528930664,86.96576690673828,0.1005743492108125,195
2015-04,470,2860,24.86801528930664,87.05912780761719,0.10566804600067628,195
2015-04,470,2861,24.86801528930664,87.1524887084961,0.1106580613515316,195
2015-04,470,2862,24.86801528930664,87.245849609375,0.11304641388929808,195
2015-04,470,2863,24.86801528930664,87.3392105102539,0.11657236780111606,195
2015-04,470,2864,24.86801528930664,87.43257904052734,0.1266733732743141,195
2015-04,470,2865,24.86801528930664,87.52593994140625,0.13151909517936217,195
2015-04,470,2866,24.86801528930664,87.61930084228516,0.1669230851607445,195
2015-04,470,2867,24.86801528930664,87.71266174316406,0.16504022895525663,195
2015-04,470,2868,24.86801528930664,87.80602264404297,0.16643417802376625,195
2015-04,470,2869,24.86801528930664,87.89938354492188,0.11546403196377632,195
2015-04,471,2820,24.79039764404297,83.32469177246094,0.11480438273686629,195
2015-04,471,2821,24.79039764404297,83.41805267333984,0.11719257877423213,195
2015-04,471,2822,24.79039764404297,83.51141357421875,0.11595027867035988,195
2015-04,471,2823,24.79039764404297,83.60477447509766,0.06747365376124015,195
2015-04,471,2824,24.79039764404297,83.69813537597656,0.06821225734475331,195
2015-04,471,2825,24.79039764404297,83.79149627685547,0.06828456045343326,195
2015-04,471,2826,24.79039764404297,83.88485717773438,0.06856203564466574,195
2015-04,471,2827,24.79039764404297,83.97821807861328,0.06843620932255036,195
2015-04,471,2828,24.79039764404297,84.07157897949219,0.08119568694860507,195
2015-04,471,2829,24.79039764404297,84.1649398803711,0.07935586825777323,195
2015-04,471,2830,24.79039764404297,84.25830078125,0.11477887351543475,195
2015-04,471,2831,24.79039764404297,84.3516616821289,0.1141500548292429,195
2015-04,471,2832,24.79039764404297,84.44502258300781,0.1127851366232603,195
2015-04,471,2833,24.79039764404297,84.53838348388672,0.1120095988878837,195
2015-04,471,2834,24.79039764404297,84.63174438476562,0.11300548914915476,195
2015-04,471,2835,24.79039764404297,84.72510528564453,0.11258935454564217,195
2015-04,471,2836,24.79039764404297,84.81846618652344,0.11290219884652358,195
2015-04,471,2837,24.79039764404297,84.91182708740234,0.11315893760094275,195
2015-04,471,2838,24.79039764404297,85.00518798828125,0.11672683373475685,195
2015-04,471,2839,24.79039764404297,85.09854888916016,0.12313020420380127,195
2015-04,471,2840,24.79039764404297,85.19190979003906,0.1273959355858656,195
2015-04,471,2841,24.79039764404297,85.28527069091797,0.1370820585733805,195
2015-04,471,2842,24.79039764404297,85.37863159179688,0.1403555773007564,195
2015-04,471,2843,24.79039764404297,85.47199249267578,0.13624462492955036,195
2015-04,471,2844,24.79039764404297,85.56535339355469,0.13366628071436515,195
2015-04,471,2845,24.79039764404297,85.6587142944336,0.08751963357894849,195
2015-04,471,2846,24.79039764404297,85.7520751953125,0.08138919978951796,195
2015-04,471,2847,24.79039764404297,85.8454360961914,0.08020402225546348,195
2015-04,471,2848,24.79039764404297,85.93879699707031,0.10574363563687374,195
2015-04,471,2849,24.79039764404297,86.03215789794922,0.11126504792616917,195
2015-04,471,2850,24.79039764404297,86.12551879882812,0.09175829035349381,195
2015-04,471,2851,24.79039764404297,86.21887969970703,0.0923651207716037,195
2015-04,471,2852,24.79039764404297,86.31224060058594,0.0934137517060989,195
2015-04,471,2853,24.79039764404297,86.40560150146484,0.12094835377274415,195
2015-04,471,2854,24.79039764404297,86.49896240234375,0.11762843250464171,195
2015-04,471,2855,24.79039764404297,86.59232330322266,0.11884592748605288,195
2015-04,471,2856,24.79039764404297,86.68568420410156,0.12319961218879773,195
2015-04,471,2857,24.79039764404297,86.77904510498047,0.15081575100238506,195
2015-04,471,2858,24.79039764404297,86.87240600585938,0.15077474797383333,195
2015-04,471,2859,24.79039764404297,86.96576690673828,0.1538233757783205,195
2015-04,471,2860,24.79039764404297,87.05912780761719,0.10577008422368613,195
2015-04,471,2861,24.79039764404297,87.1524887084961,0.11018668218300892,195
2015-04,471,2862,24.79039764404297,87.245849609375,0.11519892043792285,195
2015-04,471,2863,24.79039764404297,87.3392105102539,0.13890732255501625,195
2015-04,471,2864,24.79039764404297,87.43257904052734,0.1606940561762223,195
2015-04,471,2865,24.79039764404297,87.52593994140625,0.16515243970430815,195
2015-04,471,2866,24.79039764404297,87.61930084228516,0.13293933627697138,195
2015-04,471,2867,24.79039764404297,87.71266174316406,0.13667813081007738,195
2015-04,471,2868,24.79039764404297,87.80602264404297,0.1671210582439716,195
2015-04,471,2869,24.79039764404297,87.89938354492188,0.11906322825413485,195
2015-04,472,2820,24.712825775146484,83.32469177246094,0.11226140768864216,195
2015-04,472,2821,24.712825775146484,83.41805267333984,0.1161887852427287,195
2015-04,472,2822,24.712825775146484,83.51141357421875,0.11676533279510645,195
2015-04,472,2823,24.712825775146484,83.60477447509766,0.06896995405356089,195
2015-04,472,2824,24.712825775146484,83.69813537597656,0.06822297766040533,195
2015-04,472,2825,24.712825775146484,83.79149627685547,0.0681075585194123,195
2015-04,472,2826,24.712825775146484,83.88485717773438,0.06870938082918143,195
2015-04,472,2827,24.712825775146484,83.97821807861328,0.07794603430307828,195
2015-04,472,2828,24.712825775146484,84.07157897949219,0.08175102869669597,195
2015-04,472,2829,24.712825775146484,84.1649398803711,0.11747114986945421,195
2015-04,472,2830,24.712825775146484,84.25830078125,0.11584980568060509,195
2015-04,472,2831,24.712825775146484,84.3516616821289,0.11588673985157258,195
2015-04,472,2832,24.712825775146484,84.44502258300781,0.11473630536825229,195
2015-04,472,2833,24.712825775146484,84.53838348388672,0.11566310074084844,195
2015-04,472,2834,24.712825775146484,84.63174438476562,0.1146802782248228,195
2015-04,472,2835,24.712825775146484,84.72510528564453,0.11580723753342262,195
2015-04,472,2836,24.712825775146484,84.81846618652344,0.117151106435519,195
2015-04,472,2837,24.712825775146484,84.91182708740234,0.11581897502526259,195
2015-04,472,2838,24.712825775146484,85.00518798828125,0.1230574315175032,195
2015-04,472,2839,24.712825775146484,85.09854888916016,0.1302126299112271,195
2015-04,472,2840,24.712825775146484,85.19190979003906,0.13456960110328137,195
2015-04,472,2841,24.712825775146484,85.28527069091797,0.14443632520926306,195
2015-04,472,2842,24.712825775146484,85.37863159179688,0.1486022093357184,195
2015-04,472,2843,24.712825775146484,85.47199249267578,0.1437680686513583,195
2015-04,472,2844,24.712825775146484,85.56535339355469,0.08764796381195386,195
2015-04,472,2845,24.712825775146484,85.6587142944336,0.07985557407522813,195
2015-04,472,2846,24.712825775146484,85.7520751953125,0.10266722899216872,195
2015-04,472,2847,24.712825775146484,85.8454360961914,0.11629739657808573,195
2015-04,472,2848,24.712825775146484,85.93879699707031,0.11158274389230288,195
2015-04,472,2849,24.712825775146484,86.03215789794922,0.11405036380657783,195
2015-04,472,2850,24.712825775146484,86.12551879882812,0.08832381086853834,195
2015-04,472,2851,24.712825775146484,86.21887969970703,0.09563394450606444,195
2015-04,472,2852,24.712825775146484,86.31224060058594,0.0935323790097848,195
2015-04,472,2853,24.712825775146484,86.40560150146484,0.1191831074272975,195
2015-04,472,2854,24.712825775146484,86.49896240234375,0.11535346433520317,195
2015-04,472,2855,24.712825775146484,86.59232330322266,0.11858214592704407,195
2015-04,472,2856,24.712825775146484,86.68568420410156,0.15021791947193636,195
2015-04,472,2857,24.712825775146484,86.77904510498047,0.15076754887898763,195
2015-04,472,2858,24.712825775146484,86.87240600585938,0.150784138074288,195
2015-04,472,2859,24.712825775146484,86.96576690673828,0.15425453434387842,195
2015-04,472,2860,24.712825775146484,87.05912780761719,0.10524932917876122,195
2015-04,472,2861,24.712825775146484,87.1524887084961,0.1094400969071266,195
2015-04,472,2862,24.712825775146484,87.245849609375,0.11479076735484295,195
2015-04,472,2863,24.712825775146484,87.3392105102539,0.17209401486011652,195
2015-04,472,2864,24.712825775146484,87.43257904052734,0.16026352368868313,195
2015-04,472,2865,24.712825775146484,87.52593994140625,0.130662411909837,195
2015-04,472,2866,24.712825775146484,87.61930084228516,0.13772699649517353,195
2015-04,472,2867,24.712825775146484,87.71266174316406,0.17216772654881843,195
2015-04,472,2868,24.712825775146484,87.80602264404297,0.17216710062363208,195
2015-04,472,2869,24.712825775146484,87.89938354492188,0.16899953247644964,195
2015-04,473,2820,24.63530158996582,83.32469177246094,0.06579409148066472,195
2015-04,473,2821,24.63530158996582,83.41805267333984,0.06725737016934615,195
2015-04,473,2822,24.63530158996582,83.51141357421875,0.06904530903467765,195
2015-04,473,2823,24.63530158996582,83.60477447509766,0.0701037211677967,195
2015-04,473,2824,24.63530158996582,83.69813537597656,0.07135392454190131,195
2015-04,473,2825,24.63530158996582,83.79149627685547,0.07031632690475537,195
2015-04,473,2826,24.63530158996582,83.88485717773438,0.07810934254756341,195
2015-04,473,2827,24.63530158996582,83.97821807861328,0.0811690818804961,195
2015-04,473,2828,24.63530158996582,84.07157897949219,0.11933319163628113,195
2015-04,473,2829,24.63530158996582,84.1649398803711,0.11799480017179098,195
2015-04,473,2830,24.63530158996582,84.25830078125,0.11654138098924588,195
2015-04,473,2831,24.63530158996582,84.3516616821289,0.1171209019728196,195
2015-04,473,2832,24.63530158996582,84.44502258300781,0.07058480338026316,195
2015-04,473,2833,24.63530158996582,84.53838348388672,0.07055037329212213,195
2015-04,473,2834,24.63530158996582,84.63174438476562,0.06905602919749725,195
2015-04,473,2835,24.63530158996582,84.72510528564453,0.06957193282552254,195
2015-04,473,2836,24.63530158996582,84.81846618652344,0.07045185623260644,195
2015-04,473,2837,24.63530158996582,84.91182708740234,0.12020364667360599,195
2015-04,473,2838,24.63530158996582,85.00518798828125,0.1263642850594643,195
2015-04,473,2839,24.63530158996582,85.09854888916016,0.13484378984341255,195
2015-04,473,2840,24.63530158996582,85.19190979003906,0.14180414512371406,195
2015-04,473,2841,24.63530158996582,85.28527069091797,0.1522784037849842,195
2015-04,473,2842,24.63530158996582,85.37863159179688,0.12303473899761835,195
2015-04,473,2843,24.63530158996582,85.47199249267578,0.14717179575027564,195
2015-04,473,2844,24.63530158996582,85.56535339355469,0.10901159873375525,195
2015-04,473,2845,24.63530158996582,85.6587142944336,0.10610147370741918,195
2015-04,473,2846,24.63530158996582,85.7520751953125,0.10701535787337865,195
2015-04,473,2847,24.63530158996582,85.8454360961914,0.13133098162137546,195
2015-04,473,2848,24.63530158996582,85.93879699707031,0.1259295265835065,195
2015-04,473,2849,24.63530158996582,86.03215789794922,0.1343623942289597,195
2015-04,473,2850,24.63530158996582,86.12551879882812,0.12379634789167307,195
2015-04,473,2851,24.63530158996582,86.21887969970703,0.09531671825127724,195
2015-04,473,2852,24.63530158996582,86.31224060058594,0.12103622863307978,195
2015-04,473,2853,24.63530158996582,86.40560150146484,0.1185934138030578,195
2015-04,473,2854,24.63530158996582,86.49896240234375,0.12146809146954463,195
2015-04,473,2855,24.63530158996582,86.59232330322266,0.14879173135910279,195
2015-04,473,2856,24.63530158996582,86.68568420410156,0.15166288774747114,195
2015-04,473,2857,24.63530158996582,86.77904510498047,0.1514403441395515,195
2015-04,473,2858,24.63530158996582,86.87240600585938,0.15224146976684913,195
2015-04,473,2859,24.63530158996582,86.96576690673828,0.15540324739920788,195
2015-04,473,2860,24.63530158996582,87.05912780761719,0.16109563631889148,195
2015-04,473,2861,24.63530158996582,87.1524887084961,0.10904610711030471,195
2015-04,473,2862,24.63530158996582,87.245849609375,0.168578702937334,195
2015-04,473,2863,24.63530158996582,87.3392105102539,0.17173922849007142,195
2015-04,473,2864,24.63530158996582,87.43257904052734,0.13097306518600538,195
2015-04,473,2865,24.63530158996582,87.52593994140625,0.13205729994254234,195
2015-04,473,2866,24.63530158996582,87.61930084228516,0.14065824896097184,195
2015-04,473,2867,24.63530158996582,87.71266174316406,0.11402767136310919,195
2015-04,473,2868,24.63530158996582,87.80602264404297,0.17171262338375434,195
2015-04,473,2869,24.63530158996582,87.89938354492188,0.17301548910446657,195
2015-04,474,2820,24.557823181152344,83.32469177246094,0.06469334577902769,195
2015-04,474,2821,24.557823181152344,83.41805267333984,0.06696667059873923,195
2015-04,474,2822,24.557823181152344,83.51141357421875,0.06959845958611904,195
2015-04,474,2823,24.557823181152344,83.60477447509766,0.07122191637754441,195
2015-04,474,2824,24.557823181152344,83.69813537597656,0.09932751038517708,195
2015-04,474,2825,24.557823181152344,83.79149627685547,0.0805871351980246,195
2015-04,474,2826,24.557823181152344,83.88485717773438,0.0822203733982184,195
2015-04,474,2827,24.557823181152344,83.97821807861328,0.11983727923570535,195
2015-04,474,2828,24.557823181152344,84.07157897949219,0.11929234499350572,195
2015-04,474,2829,24.557823181152344,84.1649398803711,0.07084451571871073,195
2015-04,474,2830,24.557823181152344,84.25830078125,0.07040083706378937,195
2015-04,474,2831,24.557823181152344,84.3516616821289,0.07093325148408229,195
2015-04,474,2832,24.557823181152344,84.44502258300781,0.09175382995834717,195
2015-04,474,2833,24.557823181152344,84.53838348388672,0.09074088109609409,195
2015-04,474,2834,24.557823181152344,84.63174438476562,0.09175836845086172,195
2015-04,474,2835,24.557823181152344,84.72510528564453,0.07121690838382794,195
2015-04,474,2836,24.557823181152344,84.81846618652344,0.07176700727297709,195
2015-04,474,2837,24.557823181152344,84.91182708740234,0.07521244190060175,195
2015-04,474,2838,24.557823181152344,85.00518798828125,0.08026677885880837,195
2015-04,474,2839,24.557823181152344,85.09854888916016,0.08793545516255574,195
2015-04,474,2840,24.557823181152344,85.19190979003906,0.09073759477872115,195
2015-04,474,2841,24.557823181152344,85.28527069091797,0.09301334527822641,195
2015-04,474,2842,24.557823181152344,85.37863159179688,0.08428962167638998,195
2015-04,474,2843,24.557823181152344,85.47199249267578,0.11072926886188678,195
2015-04,474,2844,24.557823181152344,85.56535339355469,0.1093742100856243,195
2015-04,474,2845,24.557823181152344,85.6587142944336,0.11131927541051155,195
2015-04,474,2846,24.557823181152344,85.7520751953125,0.11739892470530974,195
2015-04,474,2847,24.557823181152344,85.8454360961914,0.13048274925886055,195
2015-04,474,2848,24.557823181152344,85.93879699707031,0.13647718421923807,195
2015-04,474,2849,24.557823181152344,86.03215789794922,0.13412060126280173,195
2015-04,474,2850,24.557823181152344,86.12551879882812,0.13260716394736216,195
2015-04,474,2851,24.557823181152344,86.21887969970703,0.12824315033279932,195
2015-04,474,2852,24.557823181152344,86.31224060058594,0.12520485144013013,195
2015-04,474,2853,24.557823181152344,86.40560150146484,0.15110371158673214,195
2015-04,474,2854,24.557823181152344,86.49896240234375,0.15005797606248122,195
2015-04,474,2855,24.557823181152344,86.59232330322266,0.1488200578552026,195
2015-04,474,2856,24.557823181152344,86.68568420410156,0.15220923060790087,195
2015-04,474,2857,24.557823181152344,86.77904510498047,0.15350583635079554,195
2015-04,474,2858,24.557823181152344,86.87240600585938,0.15475048415171794,195
2015-04,474,2859,24.557823181152344,86.96576690673828,0.15853841984883332,195
2015-04,474,2860,24.557823181152344,87.05912780761719,0.16407931653352884,195
2015-04,474,2861,24.557823181152344,87.1524887084961,0.16855397572120032,195
2015-04,474,2862,24.557823181152344,87.245849609375,0.16891690030311926,195
2015-04,474,2863,24.557823181152344,87.3392105102539,0.17053965288094985,195
2015-04,474,2864,24.557823181152344,87.43257904052734,0.13018868525440877,195
2015-04,474,2865,24.557823181152344,87.52593994140625,0.13445433848179303,195
2015-04,474,2866,24.557823181152344,87.61930084228516,0.11083600223064423,195
2015-04,474,2867,24.557823181152344,87.71266174316406,0.11195670163784271,195
2015-04,474,2868,24.557823181152344,87.80602264404297,0.1570295994862532,195
2015-04,474,2869,24.557823181152344,87.89938354492188,0.17131026089191437,195
2015-04,475,2820,24.480392456054688,83.32469177246094,0.08678314248338724,195
2015-04,475,2821,24.480392456054688,83.41805267333984,0.09009140449074599,195
2015-04,475,2822,24.480392456054688,83.51141357421875,0.09290489044327002,195
2015-04,475,2823,24.480392456054688,83.60477447509766,0.09550960480402677,195
2015-04,475,2824,24.480392456054688,83.69813537597656,0.09765459927610862,195
2015-04,475,2825,24.480392456054688,83.79149627685547,0.08078463870363357,195
2015-04,475,2826,24.480392456054688,83.88485717773438,0.12023166020711264,195
2015-04,475,2827,24.480392456054688,83.97821807861328,0.06702887948888998,195
2015-04,475,2828,24.480392456054688,84.07157897949219,0.06723827698673958,195
2015-04,475,2829,24.480392456054688,84.1649398803711,0.08987699890365967,195
2015-04,475,2830,24.480392456054688,84.25830078125,0.09103228495671199,195
2015-04,475,2831,24.480392456054688,84.3516616821289,0.0703748579781789,195
2015-04,475,2832,24.480392456054688,84.44502258300781,0.07166230858136446,195
2015-04,475,2833,24.480392456054688,84.53838348388672,0.07139038911614663,195
2015-04,475,2834,24.480392456054688,84.63174438476562,0.07142818398200548,195
2015-04,475,2835,24.480392456054688,84.72510528564453,0.071964980279788,195
2015-04,475,2836,24.480392456054688,84.81846618652344,0.07628266990948947,195
2015-04,475,2837,24.480392456054688,84.91182708740234,0.07995675154603445,195
2015-04,475,2838,24.480392456054688,85.00518798828125,0.08449549802984947,195
2015-04,475,2839,24.480392456054688,85.09854888916016,0.10744925517684374,195
2015-04,475,2840,24.480392456054688,85.19190979003906,0.10519111087689033,195
2015-04,475,2841,24.480392456054688,85.28527069091797,0.10790764490763347,195
2015-04,475,2842,24.480392456054688,85.37863159179688,0.11524524442278422,195
2015-04,475,2843,24.480392456054688,85.47199249267578,0.11993321392398615,195
2015-04,475,2844,24.480392456054688,85.56535339355469,0.12466821189110096,195
2015-04,475,2845,24.480392456054688,85.6587142944336,0.13232350716224084,195
2015-04,475,2846,24.480392456054688,85.7520751953125,0.13500545445160989,195
2015-04,475,2847,24.480392456054688,85.8454360961914,0.1365523044497539,195
2015-04,475,2848,24.480392456054688,85.93879699707031,0.1444213010943853,195
2015-04,475,2849,24.480392456054688,86.03215789794922,0.1441020402388695,195
2015-04,475,2850,24.480392456054688,86.12551879882812,0.1639304844232706,195
2015-04,475,2851,24.480392456054688,86.21887969970703,0.15551342337559432,195
2015-04,475,2852,24.480392456054688,86.31224060058594,0.15544346773471587,195
2015-04,475,2853,24.480392456054688,86.40560150146484,0.1538310441069114,195
2015-04,475,2854,24.480392456054688,86.49896240234375,0.14971805715408082,195
2015-04,475,2855,24.480392456054688,86.59232330322266,0.15045016610469575,195
2015-04,475,2856,24.480392456054688,86.68568420410156,0.15145036005056822,195
2015-04,475,2857,24.480392456054688,86.77904510498047,0.15435187747845283,195
2015-04,475,2858,24.480392456054688,86.87240600585938,0.15505878990277266,195
2015-04,475,2859,24.480392456054688,86.96576690673828,0.1593080888191859,195
2015-04,475,2860,24.480392456054688,87.05912780761719,0.16522083034118015,195
2015-04,475,2861,24.480392456054688,87.1524887084961,0.16628925849994022,195
2015-04,475,2862,24.480392456054688,87.245849609375,0.1697526122132937,195
2015-04,475,2863,24.480392456054688,87.3392105102539,0.16972397279280882,195
2015-04,475,2864,24.480392456054688,87.43257904052734,0.12772998574834604,195
2015-04,475,2865,24.480392456054688,87.52593994140625,0.1315556379655997,195
2015-04,475,2866,24.480392456054688,87.61930084228516,0.11001468812808013,195
2015-04,475,2867,24.480392456054688,87.71266174316406,0.11094664809031364,195
2015-04,475,2868,24.480392456054688,87.80602264404297,0.15555661763900366,195
2015-04,475,2869,24.480392456054688,87.89938354492188,0.16879576891660691,195
2015-04,476,2820,24.40300941467285,83.32469177246094,0.08235230312133447,195
2015-04,476,2821,24.40300941467285,83.41805267333984,0.08455379419983962,195
2015-04,476,2822,24.40300941467285,83.51141357421875,0.08580157187504646,195
2015-04,476,2823,24.40300941467285,83.60477447509766,0.08765915345687132,195
2015-04,476,2824,24.40300941467285,83.69813537597656,0.08899081534682177,195
2015-04,476,2825,24.40300941467285,83.79149627685547,0.11782890944144665,195
2015-04,476,2826,24.40300941467285,83.88485717773438,0.11529939338946954,195
2015-04,476,2827,24.40300941467285,83.97821807861328,0.08565023614045901,195
2015-04,476,2828,24.40300941467285,84.07157897949219,0.08616238366334866,195
2015-04,476,2829,24.40300941467285,84.1649398803711,0.08966447143600537,195
2015-04,476,2830,24.40300941467285,84.25830078125,0.07007335995634396,195
2015-04,476,2831,24.40300941467285,84.3516616821289,0.07106846775381993,195
2015-04,476,2832,24.40300941467285,84.44502258300781,0.09326726702543406,195
2015-04,476,2833,24.40300941467285,84.53838348388672,0.09437693309707519,195
2015-04,476,2834,24.40300941467285,84.63174438476562,0.07319296061610564,195
2015-04,476,2835,24.40300941467285,84.72510528564453,0.07340134093776728,195
2015-04,476,2836,24.40300941467285,84.81846618652344,0.07835653491127186,195
2015-04,476,2837,24.40300941467285,84.91182708740234,0.07665506257460668,195
2015-04,476,2838,24.40300941467285,85.00518798828125,0.09577479469470489,195
2015-04,476,2839,24.40300941467285,85.09854888916016,0.1018354292672414,195
2015-04,476,2840,24.40300941467285,85.19190979003906,0.10734283494261596,195
2015-04,476,2841,24.40300941467285,85.28527069091797,0.12690233324582761,195
2015-04,476,2842,24.40300941467285,85.37863159179688,0.1403998667995135,195
2015-04,476,2843,24.40300941467285,85.47199249267578,0.14351954590051602,195
2015-04,476,2844,24.40300941467285,85.56535339355469,0.14236895503141941,195
2015-04,476,2845,24.40300941467285,85.6587142944336,0.14318400896512545,195
2015-04,476,2846,24.40300941467285,85.7520751953125,0.1784310289682486,195
2015-04,476,2847,24.40300941467285,85.8454360961914,0.17937347449553318,195
2015-04,476,2848,24.40300941467285,85.93879699707031,0.17579869226767467,195
2015-04,476,2849,24.40300941467285,86.03215789794922,0.17095406586543108,195
2015-04,476,2850,24.40300941467285,86.12551879882812,0.1627933525122129,195
2015-04,476,2851,24.40300941467285,86.21887969970703,0.1549400059458537,195
2015-04,476,2852,24.40300941467285,86.31224060058594,0.15385138923541095,195
2015-04,476,2853,24.40300941467285,86.40560150146484,0.15216619299772458,195
2015-04,476,2854,24.40300941467285,86.49896240234375,0.1507540898063244,195
2015-04,476,2855,24.40300941467285,86.59232330322266,0.1503855314010229,195
2015-04,476,2856,24.40300941467285,86.68568420410156,0.15275197399732393,195
2015-04,476,2857,24.40300941467285,86.77904510498047,0.15345998177161582,195
2015-04,476,2858,24.40300941467285,86.87240600585938,0.15437018817816026,195
2015-04,476,2859,24.40300941467285,86.96576690673828,0.15955285540758035,195
2015-04,476,2860,24.40300941467285,87.05912780761719,0.16423174773271268,195
2015-04,476,2861,24.40300941467285,87.1524887084961,0.16801999639242124,195
2015-04,476,2862,24.40300941467285,87.245849609375,0.16958703498045605,195
2015-04,476,2863,24.40300941467285,87.3392105102539,0.1703596774584208,195
2015-04,476,2864,24.40300941467285,87.43257904052734,0.16278771861241415,195
2015-04,476,2865,24.40300941467285,87.52593994140625,0.12995612556353595,195
2015-04,476,2866,24.40300941467285,87.61930084228516,0.10848708775563118,195
2015-04,476,2867,24.40300941467285,87.71266174316406,0.10919251334972871,195
2015-04,476,2868,24.40300941467285,87.80602264404297,0.15339628610855494,195
2015-04,476,2869,24.40300941467285,87.89938354492188,0.1678436204791069,195
2015-04,477,2820,24.325672149658203,83.32469177246094,0.08057931021620066,195
2015-04,477,2821,24.325672149658203,83.41805267333984,0.08245488917216276,195
2015-04,477,2822,24.325672149658203,83.51141357421875,0.0847356477035926,195
2015-04,477,2823,24.325672149658203,83.60477447509766,0.08673447082057978,195
2015-04,477,2824,24.325672149658203,83.69813537597656,0.08835033745719836,195
2015-04,477,2825,24.325672149658203,83.79149627685547,0.11370074194975388,195
2015-04,477,2826,24.325672149658203,83.88485717773438,0.11402101986683331,195
2015-04,477,2827,24.325672149658203,83.97821807861328,0.11266439623939685,195
2015-04,477,2828,24.325672149658203,84.07157897949219,0.06536981873214245,195
2015-04,477,2829,24.325672149658203,84.1649398803711,0.06901252202880688,195
2015-04,477,2830,24.325672149658203,84.25830078125,0.0895032759087208,195
2015-04,477,2831,24.325672149658203,84.3516616821289,0.09088024470286492,195
2015-04,477,2832,24.325672149658203,84.44502258300781,0.09185852874548008,195
2015-04,477,2833,24.325672149658203,84.53838348388672,0.0930223439175349,195
2015-04,477,2834,24.325672149658203,84.63174438476562,0.0718995631314241,195
2015-04,477,2835,24.325672149658203,84.72510528564453,0.0707986610631148,195
2015-04,477,2836,24.325672149658203,84.81846618652344,0.077074561917629,195
2015-04,477,2837,24.325672149658203,84.91182708740234,0.07350799603722034,195
2015-04,477,2838,24.325672149658203,85.00518798828125,0.11093827520425503,195
2015-04,477,2839,24.325672149658203,85.09854888916016,0.115170202537989,195
2015-04,477,2840,24.325672149658203,85.19190979003906,0.10490862761552518,195
2015-04,477,2841,24.325672149658203,85.28527069091797,0.10963580058171199,195
2015-04,477,2842,24.325672149658203,85.37863159179688,0.11195036321878434,195
2015-04,477,2843,24.325672149658203,85.47199249267578,0.17935015585942146,195
2015-04,477,2844,24.325672149658203,85.56535339355469,0.17827938008002744,195
2015-04,477,2845,24.325672149658203,85.6587142944336,0.179091773659755,195
2015-04,477,2846,24.325672149658203,85.7520751953125,0.17846999768263255,195
2015-04,477,2847,24.325672149658203,85.8454360961914,0.1782917437263024,195
2015-04,477,2848,24.325672149658203,85.93879699707031,0.17481790433327357,195
2015-04,477,2849,24.325672149658203,86.03215789794922,0.1683021666529851,195
2015-04,477,2850,24.325672149658203,86.12551879882812,0.15823731288695947,195
2015-04,477,2851,24.325672149658203,86.21887969970703,0.15320285153694643,195
2015-04,477,2852,24.325672149658203,86.31224060058594,0.1531314873924622,195
2015-04,477,2853,24.325672149658203,86.40560150146484,0.14830454549728295,195
2015-04,477,2854,24.325672149658203,86.49896240234375,0.14984967402922802,195
2015-04,477,2855,24.325672149658203,86.59232330322266,0.1523280143355712,195
2015-04,477,2856,24.325672149658203,86.68568420410156,0.15371069545165086,195
2015-04,477,2857,24.325672149658203,86.77904510498047,0.15328329278108402,195
2015-04,477,2858,24.325672149658203,86.87240600585938,0.15286387178378227,195
2015-04,477,2859,24.325672149658203,86.96576690673828,0.15882716304980793,195
2015-04,477,2860,24.325672149658203,87.05912780761719,0.1637558300525714,195
2015-04,477,2861,24.325672149658203,87.1524887084961,0.16664936607464767,195
2015-04,477,2862,24.325672149658203,87.245849609375,0.16912426325755242,195
2015-04,477,2863,24.325672149658203,87.3392105102539,0.16887464511852998,195
2015-04,477,2864,24.325672149658203,87.43257904052734,0.16663731546738209,195
2015-04,477,2865,24.325672149658203,87.52593994140625,0.16060391213649358,195
2015-04,477,2866,24.325672149658203,87.61930084228516,0.10612017571544036,195
2015-04,477,2867,24.325672149658203,87.71266174316406,0.11114775097140898,195
2015-04,477,2868,24.325672149658203,87.80602264404297,0.15399411771541988,195
2015-04,477,2869,24.325672149658203,87.89938354492188,0.16690086214206157,195
2015-04,478,2820,24.248380661010742,83.32469177246094,0.08858469690267856,195
2015-04,478,2821,24.248380661010742,83.41805267333984,0.08834204297417249,195
2015-04,478,2822,24.248380661010742,83.51141357421875,0.08950609293503639,195
2015-04,478,2823,24.248380661010742,83.60477447509766,0.09138879273564388,195
2015-04,478,2824,24.248380661010742,83.69813537597656,0.09081420153379441,195
2015-04,478,2825,24.248380661010742,83.79149627685547,0.11162108637583562,195
2015-04,478,2826,24.248380661010742,83.88485717773438,0.11027862586272069,195
2015-04,478,2827,24.248380661010742,83.97821807861328,0.06453113309465922,195
2015-04,478,2828,24.248380661010742,84.07157897949219,0.0641402733631623,195
2015-04,478,2829,24.248380661010742,84.1649398803711,0.0855775416852572,195
2015-04,478,2830,24.248380661010742,84.25830078125,0.0868072434877738,195
2015-04,478,2831,24.248380661010742,84.3516616821289,0.08861263218598488,195
2015-04,478,2832,24.248380661010742,84.44502258300781,0.09054822910290498,195
2015-04,478,2833,24.248380661010742,84.53838348388672,0.06935048456757496,195
2015-04,478,2834,24.248380661010742,84.63174438476562,0.0691499293423616,195
2015-04,478,2835,24.248380661010742,84.72510528564453,0.06994174315761297,195
2015-04,478,2836,24.248380661010742,84.81846618652344,0.07410230632775869,195
2015-04,478,2837,24.248380661010742,84.91182708740234,0.08367222763406924,195
2015-04,478,2838,24.248380661010742,85.00518798828125,0.09927226572464674,195
2015-04,478,2839,24.248380661010742,85.09854888916016,0.10173135648171107,195
2015-04,478,2840,24.248380661010742,85.19190979003906,0.10603652590742478,195
2015-04,478,2841,24.248380661010742,85.28527069091797,0.1143777626256148,195
2015-04,478,2842,24.248380661010742,85.37863159179688,0.11531324384686274,195
2015-04,478,2843,24.248380661010742,85.47199249267578,0.11477519529752242,195
2015-04,478,2844,24.248380661010742,85.56535339355469,0.1824421341602619,195
2015-04,478,2845,24.248380661010742,85.6587142944336,0.18398569761178432,195
2015-04,478,2846,24.248380661010742,85.7520751953125,0.18281397918860118,195
2015-04,478,2847,24.248380661010742,85.8454360961914,0.18117041209569343,195
2015-04,478,2848,24.248380661010742,85.93879699707031,0.14745114865975503,195
2015-04,478,2849,24.248380661010742,86.03215789794922,0.14260667879612018,195
2015-04,478,2850,24.248380661010742,86.12551879882812,0.134003069347296,195
2015-04,478,2851,24.248380661010742,86.21887969970703,0.12477126725209065,195
2015-04,478,2852,24.248380661010742,86.31224060058594,0.15229812279725685,195
2015-04,478,2853,24.248380661010742,86.40560150146484,0.1525572874225103,195
2015-04,478,2854,24.248380661010742,86.49896240234375,0.15351506995084957,195
2015-04,478,2855,24.248380661010742,86.59232330322266,0.15291942931138552,195
2015-04,478,2856,24.248380661010742,86.68568420410156,0.15460932063750732,195
2015-04,478,2857,24.248380661010742,86.77904510498047,0.15447285247918888,195
2015-04,478,2858,24.248380661010742,86.87240600585938,0.15129605077016048,195
2015-04,478,2859,24.248380661010742,86.96576690673828,0.15809818429824635,195
2015-04,478,2860,24.248380661010742,87.05912780761719,0.16407853395510943,195
2015-04,478,2861,24.248380661010742,87.1524887084961,0.16434208062978892,195
2015-04,478,2862,24.248380661010742,87.245849609375,0.16568954904110003,195
2015-04,478,2863,24.248380661010742,87.3392105102539,0.16437197216810323,195
2015-04,478,2864,24.248380661010742,87.43257904052734,0.1590994737851314,195
2015-04,478,2865,24.248380661010742,87.52593994140625,0.14951718900448235,195
2015-04,478,2866,24.248380661010742,87.61930084228516,0.10448075578762935,195
2015-04,478,2867,24.248380661010742,87.71266174316406,0.14396729354675,195
2015-04,478,2868,24.248380661010742,87.80602264404297,0.1445688810103979,195
2015-04,478,2869,24.248380661010742,87.89938354492188,0.16076135150133036,195
2015-04,479,2820,24.17113494873047,83.32469177246094,0.06948217963561033,195
2015-04,479,2821,24.17113494873047,83.41805267333984,0.06742388630906741,195
2015-04,479,2822,24.17113494873047,83.51141357421875,0.06598017011315395,195
2015-04,479,2823,24.17113494873047,83.60477447509766,0.09055143734201407,195
2015-04,479,2824,24.17113494873047,83.69813537597656,0.08798076168466837,195
2015-04,479,2825,24.17113494873047,83.79149627685547,0.08684151709461824,195
2015-04,479,2826,24.17113494873047,83.88485717773438,0.0876106383326726,195
2015-04,479,2827,24.17113494873047,83.97821807861328,0.0870544359087944,195
2015-04,479,2828,24.17113494873047,84.07157897949219,0.08651122311368967,195
2015-04,479,2829,24.17113494873047,84.1649398803711,0.08912509272877987,195
2015-04,479,2830,24.17113494873047,84.25830078125,0.0923099540747129,195
2015-04,479,2831,24.17113494873047,84.3516616821289,0.0883262363763956,195
2015-04,479,2832,24.17113494873047,84.44502258300781,0.06607172292394516,195
2015-04,479,2833,24.17113494873047,84.53838348388672,0.06675304745634397,195
2015-04,479,2834,24.17113494873047,84.63174438476562,0.07042955490641105,195
2015-04,479,2835,24.17113494873047,84.72510528564453,0.07085265373954407,195
2015-04,479,2836,24.17113494873047,84.81846618652344,0.0774273137633617,195
2015-04,479,2837,24.17113494873047,84.91182708740234,0.09042373314881937,195
2015-04,479,2838,24.17113494873047,85.00518798828125,0.09717860332666299,195
2015-04,479,2839,24.17113494873047,85.09854888916016,0.10381562872192798,195
2015-04,479,2840,24.17113494873047,85.19190979003906,0.10819576197327711,195
2015-04,479,2841,24.17113494873047,85.28527069091797,0.10880055780976247,195
2015-04,479,2842,24.17113494873047,85.37863159179688,0.1117804035735436,195
2015-04,479,2843,24.17113494873047,85.47199249267578,0.10728766836034946,195
2015-04,479,2844,24.17113494873047,85.56535339355469,0.11626382720394013,195
2015-04,479,2845,24.17113494873047,85.6587142944336,0.18034409005672503,195
2015-04,479,2846,24.17113494873047,85.7520751953125,0.17906250819945946,195
2015-04,479,2847,24.17113494873047,85.8454360961914,0.17898613604215474,195
2015-04,479,2848,24.17113494873047,85.93879699707031,0.141373455677277,195
2015-04,479,2849,24.17113494873047,86.03215789794922,0.1401641771197319,195
2015-04,479,2850,24.17113494873047,86.12551879882812,0.13122917799613415,195
2015-04,479,2851,24.17113494873047,86.21887969970703,0.12379587854330357,195
2015-04,479,2852,24.17113494873047,86.31224060058594,0.1240465139158261,195
2015-04,479,2853,24.17113494873047,86.40560150146484,0.12449809578366769,195
2015-04,479,2854,24.17113494873047,86.49896240234375,0.12448807983444288,195
2015-04,479,2855,24.17113494873047,86.59232330322266,0.12675381442293143,195
2015-04,479,2856,24.17113494873047,86.68568420410156,0.15672958814180815,195
2015-04,479,2857,24.17113494873047,86.77904510498047,0.15443278837662477,195
2015-04,479,2858,24.17113494873047,86.87240600585938,0.15197526254715063,195
2015-04,479,2859,24.17113494873047,86.96576690673828,0.15839725648745512,195
2015-04,479,2860,24.17113494873047,87.05912780761719,0.1638021543239936,195
2015-04,479,2861,24.17113494873047,87.1524887084961,0.1618651489034677,195
2015-04,479,2862,24.17113494873047,87.245849609375,0.16016711959472069,195
2015-04,479,2863,24.17113494873047,87.3392105102539,0.15702850409807304,195
2015-04,479,2864,24.17113494873047,87.43257904052734,0.1528314763918901,195
2015-04,479,2865,24.17113494873047,87.52593994140625,0.14681059297842858,195
2015-04,479,2866,24.17113494873047,87.61930084228516,0.10195491757148352,195
2015-04,479,2867,24.17113494873047,87.71266174316406,0.1403436832703077,195
2015-04,479,2868,24.17113494873047,87.80602264404297,0.15557117202343085,195
2015-04,479,2869,24.17113494873047,87.89938354492188,0.1585661203433306,195
2015-04,480,2820,24.093935012817383,83.32469177246094,0.06801905742822549,195
2015-04,480,2821,24.093935012817383,83.41805267333984,0.06541089998223842,195
2015-04,480,2822,24.093935012817383,83.51141357421875,0.06658207069222744,195
2015-04,480,2823,24.093935012817383,83.60477447509766,0.06704906794505242,195
2015-04,480,2824,24.093935012817383,83.69813537597656,0.08459409309121278,195
2015-04,480,2825,24.093935012817383,83.79149627685547,0.0832750294644099,195
2015-04,480,2826,24.093935012817383,83.88485717773438,0.08256694340170959,195
2015-04,480,2827,24.093935012817383,83.97821807861328,0.08650660623724644,195
2015-04,480,2828,24.093935012817383,84.07157897949219,0.08755985400997675,195
2015-04,480,2829,24.093935012817383,84.1649398803711,0.09130177860840773,195
2015-04,480,2830,24.093935012817383,84.25830078125,0.09194241290291151,195
2015-04,480,2831,24.093935012817383,84.3516616821289,0.09245291719069848,195
2015-04,480,2832,24.093935012817383,84.44502258300781,0.09401666917479955,195
2015-04,480,2833,24.093935012817383,84.53838348388672,0.07032876864839822,195
2015-04,480,2834,24.093935012817383,84.63174438476562,0.06891807403702002,195
2015-04,480,2835,24.093935012817383,84.72510528564453,0.07264607009979394,195
2015-04,480,2836,24.093935012817383,84.81846618652344,0.07879731838519756,195
2015-04,480,2837,24.093935012817383,84.91182708740234,0.08879096462176396,195
2015-04,480,2838,24.093935012817383,85.00518798828125,0.09736178719844574,195
2015-04,480,2839,24.093935012817383,85.09854888916016,0.10279344639334924,195
2015-04,480,2840,24.093935012817383,85.19190979003906,0.10981248938120329,195
2015-04,480,2841,24.093935012817383,85.28527069091797,0.11302121698092192,195
2015-04,480,2842,24.093935012817383,85.37863159179688,0.11861774972998179,195
2015-04,480,2843,24.093935012817383,85.47199249267578,0.12566582354215475,195
2015-04,480,2844,24.093935012817383,85.56535339355469,0.17878831945932827,195
2015-04,480,2845,24.093935012817383,85.6587142944336,0.11090345388421645,195
2015-04,480,2846,24.093935012817383,85.7520751953125,0.18054441053133743,195
2015-04,480,2847,24.093935012817383,85.8454360961914,0.1788238452031062,195
2015-04,480,2848,24.093935012817383,85.93879699707031,0.1706027226570325,195
2015-04,480,2849,24.093935012817383,86.03215789794922,0.16429841705621817,195
2015-04,480,2850,24.093935012817383,86.12551879882812,0.12758162323480998,195
2015-04,480,2851,24.093935012817383,86.21887969970703,0.12411200937170248,195
2015-04,480,2852,24.093935012817383,86.31224060058594,0.12334437483014205,195
2015-04,480,2853,24.093935012817383,86.40560150146484,0.12458362327172207,195
2015-04,480,2854,24.093935012817383,86.49896240234375,0.12589149719629533,195
2015-04,480,2855,24.093935012817383,86.59232330322266,0.12460412486241414,195
2015-04,480,2856,24.093935012817383,86.68568420410156,0.15376703555767351,195
2015-04,480,2857,24.093935012817383,86.77904510498047,0.15381946330651258,195
2015-04,480,2858,24.093935012817383,86.87240600585938,0.15335418769182302,195
2015-04,480,2859,24.093935012817383,86.96576690673828,0.15841494107093568,195
2015-04,480,2860,24.093935012817383,87.05912780761719,0.1624011626228308,195
2015-04,480,2861,24.093935012817383,87.1524887084961,0.16300697586475274,195
2015-04,480,2862,24.093935012817383,87.245849609375,0.155196197445576,195
2015-04,480,2863,24.093935012817383,87.3392105102539,0.1519384851058324,195
2015-04,480,2864,24.093935012817383,87.43257904052734,0.15123329430054397,195
2015-04,480,2865,24.093935012817383,87.52593994140625,0.10051268801475183,195
2015-04,480,2866,24.093935012817383,87.61930084228516,0.10058577395020388,195
2015-04,480,2867,24.093935012817383,87.71266174316406,0.1371179753007033,195
2015-04,480,2868,24.093935012817383,87.80602264404297,0.15625320084584066,195
2015-04,480,2869,24.093935012817383,87.89938354492188,0.16177156143463575,195
2015-04,481,2820,24.01677894592285,83.32469177246094,0.066989832619826,195
2015-04,481,2821,24.01677894592285,83.41805267333984,0.06553633505335221,195
2015-04,481,2822,24.01677894592285,83.51141357421875,0.06096480194574747,195
2015-04,481,2823,24.01677894592285,83.60477447509766,0.06294335827995569,195
2015-04,481,2824,24.01677894592285,83.69813537597656,0.07463370339992718,195
2015-04,481,2825,24.01677894592285,83.79149627685547,0.07549766388077002,195
2015-04,481,2826,24.01677894592285,83.88485717773438,0.07348373841780882,195
2015-04,481,2827,24.01677894592285,83.97821807861328,0.07727668214684878,195
2015-04,481,2828,24.01677894592285,84.07157897949219,0.08483471245719837,195
2015-04,481,2829,24.01677894592285,84.1649398803711,0.0877309870834534,195
2015-04,481,2830,24.01677894592285,84.25830078125,0.08925185801509099,195
2015-04,481,2831,24.01677894592285,84.3516616821289,0.08881506539690188,195
2015-04,481,2832,24.01677894592285,84.44502258300781,0.0907978472037193,195
2015-04,481,2833,24.01677894592285,84.53838348388672,0.06874373259070592,195
2015-04,481,2834,24.01677894592285,84.63174438476562,0.06833460141833012,195
2015-04,481,2835,24.01677894592285,84.72510528564453,0.07356840519186778,195
2015-04,481,2836,24.01677894592285,84.81846618652344,0.08466404901865202,195
2015-04,481,2837,24.01677894592285,84.91182708740234,0.09282523191128021,195
2015-04,481,2838,24.01677894592285,85.00518798828125,0.09905379126087213,195
2015-04,481,2839,24.01677894592285,85.09854888916016,0.10011963727764595,195
2015-04,481,2840,24.01677894592285,85.19190979003906,0.10419686385072195,195
2015-04,481,2841,24.01677894592285,85.28527069091797,0.11815615170277081,195
2015-04,481,2842,24.01677894592285,85.37863159179688,0.12311283246828959,195
2015-04,481,2843,24.01677894592285,85.47199249267578,0.12570627874288803,195
2015-04,481,2844,24.01677894592285,85.56535339355469,0.1809367570357445,195
2015-04,481,2845,24.01677894592285,85.6587142944336,0.1713462559458537,195
2015-04,481,2846,24.01677894592285,85.7520751953125,0.17755368791329554,195
2015-04,481,2847,24.01677894592285,85.8454360961914,0.17996097715237203,195
2015-04,481,2848,24.01677894592285,85.93879699707031,0.16985668536180104,195
2015-04,481,2849,24.01677894592285,86.03215789794922,0.1629558001573269,195
2015-04,481,2850,24.01677894592285,86.12551879882812,0.11313804477835313,195
2015-04,481,2851,24.01677894592285,86.21887969970703,0.11770026613122378,195
2015-04,481,2852,24.01677894592285,86.31224060058594,0.12210669146898465,195
2015-04,481,2853,24.01677894592285,86.40560150146484,0.1504066587640689,195
2015-04,481,2854,24.01677894592285,86.49896240234375,0.12084107282452095,195
2015-04,481,2855,24.01677894592285,86.59232330322266,0.15153706119610713,195
2015-04,481,2856,24.01677894592285,86.68568420410156,0.152328327527413,195
2015-04,481,2857,24.01677894592285,86.77904510498047,0.15245712735714056,195
2015-04,481,2858,24.01677894592285,86.87240600585938,0.15261910534822024,195
2015-04,481,2859,24.01677894592285,86.96576690673828,0.15822792305396152,195
2015-04,481,2860,24.01677894592285,87.05912780761719,0.1097783723893838,195
2015-04,481,2861,24.01677894592285,87.1524887084961,0.10842667835263106,195
2015-04,481,2862,24.01677894592285,87.245849609375,0.1045048567155997,195
2015-04,481,2863,24.01677894592285,87.3392105102539,0.10441651214391758,195
2015-04,481,2864,24.01677894592285,87.43257904052734,0.10122539076285485,195
2015-04,481,2865,24.01677894592285,87.52593994140625,0.09635306394253022,195
2015-04,481,2866,24.01677894592285,87.61930084228516,0.13326352695241953,195
2015-04,481,2867,24.01677894592285,87.71266174316406,0.13368866027165682,195
2015-04,481,2868,24.01677894592285,87.80602264404297,0.15462184074597482,195
2015-04,481,2869,24.01677894592285,87.89938354492188,0.163498699817902,195
2015-04,482,2820,23.93967056274414,83.32469177246094,0.06523687165134992,195
2015-04,482,2821,23.93967056274414,83.41805267333984,0.06360300746865762,195
2015-04,482,2822,23.93967056274414,83.51141357421875,0.06307755735440132,195
2015-04,482,2823,23.93967056274414,83.60477447509766,0.07664778532508092,195
2015-04,482,2824,23.93967056274414,83.69813537597656,0.07227563353685232,195
2015-04,482,2825,23.93967056274414,83.79149627685547,0.07472001327536044,195
2015-04,482,2826,23.93967056274414,83.88485717773438,0.07653596569330265,195
2015-04,482,2827,23.93967056274414,83.97821807861328,0.07397514961850948,195
2015-04,482,2828,23.93967056274414,84.07157897949219,0.074754286920413,195
2015-04,482,2829,23.93967056274414,84.1649398803711,0.082646367393243,195
2015-04,482,2830,23.93967056274414,84.25830078125,0.08434126684680963,195
2015-04,482,2831,23.93967056274414,84.3516616821289,0.08471655478844275,195
2015-04,482,2832,23.93967056274414,84.44502258300781,0.06658081888006284,195
2015-04,482,2833,23.93967056274414,84.53838348388672,0.06808283145611103,195
2015-04,482,2834,23.93967056274414,84.63174438476562,0.07171246694066585,195
2015-04,482,2835,23.93967056274414,84.72510528564453,0.08013907455098934,195
2015-04,482,2836,23.93967056274414,84.81846618652344,0.08948746961660874,195
2015-04,482,2837,23.93967056274414,84.91182708740234,0.09186815371116003,195
2015-04,482,2838,23.93967056274414,85.00518798828125,0.10556483381451705,195
2015-04,482,2839,23.93967056274414,85.09854888916016,0.09931201686461767,195
2015-04,482,2840,23.93967056274414,85.19190979003906,0.1264930064097429,195
2015-04,482,2841,23.93967056274414,85.28527069091797,0.13623961655375286,195
2015-04,482,2842,23.93967056274414,85.37863159179688,0.1481959340090935,195
2015-04,482,2843,23.93967056274414,85.47199249267578,0.11850718225424106,195
2015-04,482,2844,23.93967056274414,85.56535339355469,0.11667597108544447,195
2015-04,482,2845,23.93967056274414,85.6587142944336,0.1674594119955332,195
2015-04,482,2846,23.93967056274414,85.7520751953125,0.17077941157114812,195
2015-04,482,2847,23.93967056274414,85.8454360961914,0.16259522308141758,195
2015-04,482,2848,23.93967056274414,85.93879699707031,0.13257891562504645,195
2015-04,482,2849,23.93967056274414,86.03215789794922,0.13446067651877036,195
2015-04,482,2850,23.93967056274414,86.12551879882812,0.12045819444152026,195
2015-04,482,2851,23.93967056274414,86.21887969970703,0.11524219270317983,195
2015-04,482,2852,23.93967056274414,86.31224060058594,0.11890140682076797,195
2015-04,482,2853,23.93967056274414,86.40560150146484,0.11860538631295546,195
2015-04,482,2854,23.93967056274414,86.49896240234375,0.11947263322579554,195
2015-04,482,2855,23.93967056274414,86.59232330322266,0.11904374383963072,195
2015-04,482,2856,23.93967056274414,86.68568420410156,0.15258091917404762,195
2015-04,482,2857,23.93967056274414,86.77904510498047,0.15422370387957646,195
2015-04,482,2858,23.93967056274414,86.87240600585938,0.15593957434862088,195
2015-04,482,2859,23.93967056274414,86.96576690673828,0.1041408366499803,195
2015-04,482,2860,23.93967056274414,87.05912780761719,0.11012447292988117,195
2015-04,482,2861,23.93967056274414,87.1524887084961,0.1113846141558427,195
2015-04,482,2862,23.93967056274414,87.245849609375,0.1102501426751797,195
2015-04,482,2863,23.93967056274414,87.3392105102539,0.10851212753317295,195
2015-04,482,2864,23.93967056274414,87.43257904052734,0.13879479886247562,195
2015-04,482,2865,23.93967056274414,87.52593994140625,0.1357291907263108,195
2015-04,482,2866,23.93967056274414,87.61930084228516,0.13558309765962454,195
2015-04,482,2867,23.93967056274414,87.71266174316406,0.13837631684847368,195
2015-04,482,2868,23.93967056274414,87.80602264404297,0.1614097325847699,195
2015-04,482,2869,23.93967056274414,87.89938354492188,0.16611319543459477,195
2015-04,483,2820,23.862606048583984,83.32469177246094,0.06591890034003135,195
2015-04,483,2821,23.862606048583984,83.41805267333984,0.06452166480131638,195
2015-04,483,2822,23.862606048583984,83.51141357421875,0.06157664028115761,195
2015-04,483,2823,23.862606048583984,83.60477447509766,0.0629169096931433,195
2015-04,483,2824,23.862606048583984,83.69813537597656,0.0778503343462944,195
2015-04,483,2825,23.862606048583984,83.79149627685547,0.07745305809837122,195
2015-04,483,2826,23.862606048583984,83.88485717773438,0.07826459090679119,195
2015-04,483,2827,23.862606048583984,83.97821807861328,0.07740438641645969,195
2015-04,483,2828,23.862606048583984,84.07157897949219,0.07939601057232955,195
2015-04,483,2829,23.862606048583984,84.1649398803711,0.08313981319467227,195
2015-04,483,2830,23.862606048583984,84.25830078125,0.08544709865863506,195
2015-04,483,2831,23.862606048583984,84.3516616821289,0.08855034508384191,195
2015-04,483,2832,23.862606048583984,84.44502258300781,0.07173766360068932,195
2015-04,483,2833,23.862606048583984,84.53838348388672,0.07224065586924552,195
2015-04,483,2834,23.862606048583984,84.63174438476562,0.07802240668963163,195
2015-04,483,2835,23.862606048583984,84.72510528564453,0.08337026007282428,195
2015-04,483,2836,23.862606048583984,84.81846618652344,0.09090583263299404,195
2015-04,483,2837,23.862606048583984,84.91182708740234,0.09855932824504682,195
2015-04,483,2838,23.862606048583984,85.00518798828125,0.10861064449716837,195
2015-04,483,2839,23.862606048583984,85.09854888916016,0.10878874204861812,195
2015-04,483,2840,23.862606048583984,85.19190979003906,0.10658404276921199,195
2015-04,483,2841,23.862606048583984,85.28527069091797,0.13502572119618073,195
2015-04,483,2842,23.862606048583984,85.37863159179688,0.1327646034077192,195
2015-04,483,2843,23.862606048583984,85.47199249267578,0.16611616901862317,195
2015-04,483,2844,23.862606048583984,85.56535339355469,0.1560283097319114,195
2015-04,483,2845,23.862606048583984,85.6587142944336,0.15457269950554922,195
2015-04,483,2846,23.862606048583984,85.7520751953125,0.15820210029681522,195
2015-04,483,2847,23.862606048583984,85.8454360961914,0.15707294990619022,195
2015-04,483,2848,23.862606048583984,85.93879699707031,0.12818172383002746,195
2015-04,483,2849,23.862606048583984,86.03215789794922,0.12511869814151372,195
2015-04,483,2850,23.862606048583984,86.12551879882812,0.12941792059021118,195
2015-04,483,2851,23.862606048583984,86.21887969970703,0.1217624687613585,195
2015-04,483,2852,23.862606048583984,86.31224060058594,0.12002257557633596,195
2015-04,483,2853,23.862606048583984,86.40560150146484,0.11871251072256993,195
2015-04,483,2854,23.862606048583984,86.49896240234375,0.09854618223049702,195
2015-04,483,2855,23.862606048583984,86.59232330322266,0.0979899796919945,195
2015-04,483,2856,23.862606048583984,86.68568420410156,0.10199185143678616,195
2015-04,483,2857,23.862606048583984,86.77904510498047,0.10211376528709362,195
2015-04,483,2858,23.862606048583984,86.87240600585938,0.10174426776476396,195
2015-04,483,2859,23.862606048583984,86.96576690673828,0.10652926760988357,195
2015-04,483,2860,23.862606048583984,87.05912780761719,0.10890314397521508,195
2015-04,483,2861,23.862606048583984,87.1524887084961,0.11145206592403925,195
2015-04,483,2862,23.862606048583984,87.245849609375,0.11211774024443749,195
2015-04,483,2863,23.862606048583984,87.3392105102539,0.14829046076689012,195
2015-04,483,2864,23.862606048583984,87.43257904052734,0.14334856930833598,195
2015-04,483,2865,23.862606048583984,87.52593994140625,0.1393878571689129,195
2015-04,483,2866,23.862606048583984,87.61930084228516,0.1415379378849115,195
2015-04,483,2867,23.862606048583984,87.71266174316406,0.1459432677198679,195
2015-04,483,2868,23.862606048583984,87.80602264404297,0.1662031833560039,195
2015-04,483,2869,23.862606048583984,87.89938354492188,0.1699195982171939,195
2015-04,484,2820,23.785587310791016,83.32469177246094,0.06292043099036583,195
2015-04,484,2821,23.785587310791016,83.41805267333984,0.060713149377932915,195
2015-04,484,2822,23.785587310791016,83.51141357421875,0.06601921715415442,195
2015-04,484,2823,23.785587310791016,83.60477447509766,0.06863629510387396,195
2015-04,484,2824,23.785587310791016,83.69813537597656,0.06469577145882142,195
2015-04,484,2825,23.785587310791016,83.79149627685547,0.06427204666229394,195
2015-04,484,2826,23.785587310791016,83.88485717773438,0.05962022877274416,195
2015-04,484,2827,23.785587310791016,83.97821807861328,0.06307990489861905,195
2015-04,484,2828,23.785587310791016,84.07157897949219,0.0624422831986195,195
2015-04,484,2829,23.785587310791016,84.1649398803711,0.06622611087484237,195
2015-04,484,2830,23.785587310791016,84.25830078125,0.06722888719194975,195
2015-04,484,2831,23.785587310791016,84.3516616821289,0.06829786314032017,195
2015-04,484,2832,23.785587310791016,84.44502258300781,0.07286125822709157,195
2015-04,484,2833,23.785587310791016,84.53838348388672,0.07574978610261893,195
2015-04,484,2834,23.785587310791016,84.63174438476562,0.08259323564095375,195
2015-04,484,2835,23.785587310791016,84.72510528564453,0.08263627323202598,195
2015-04,484,2836,23.785587310791016,84.81846618652344,0.09184162677862705,195
2015-04,484,2837,23.785587310791016,84.91182708740234,0.09836385924464618,195
2015-04,484,2838,23.785587310791016,85.00518798828125,0.12225129764813643,195
2015-04,484,2839,23.785587310791016,85.09854888916016,0.12092769554792307,195
2015-04,484,2840,23.785587310791016,85.19190979003906,0.11870836325180836,195
2015-04,484,2841,23.785587310791016,85.28527069091797,0.107924390431398,195
2015-04,484,2842,23.785587310791016,85.37863159179688,0.10698640522284386,195
2015-04,484,2843,23.785587310791016,85.47199249267578,0.1663013090307896,195
2015-04,484,2844,23.785587310791016,85.56535339355469,0.16384863467552724,195
2015-04,484,2845,23.785587310791016,85.6587142944336,0.15719361163866827,195
2015-04,484,2846,23.785587310791016,85.7520751953125,0.15407768870011354,195
2015-04,484,2847,23.785587310791016,85.8454360961914,0.12679622589777678,195
2015-04,484,2848,23.785587310791016,85.93879699707031,0.12057533501050412,195
2015-04,484,2849,23.785587310791016,86.03215789794922,0.12036171202094127,195
2015-04,484,2850,23.785587310791016,86.12551879882812,0.1226955241499803,195
2015-04,484,2851,23.785587310791016,86.21887969970703,0.11619394983236607,195
2015-04,484,2852,23.785587310791016,86.31224060058594,0.11177805625857451,195
2015-04,484,2853,23.785587310791016,86.40560150146484,0.08819164626109294,195
2015-04,484,2854,23.785587310791016,86.49896240234375,0.09426198364832462,195
2015-04,484,2855,23.785587310791016,86.59232330322266,0.0964277144234914,195
2015-04,484,2856,23.785587310791016,86.68568420410156,0.10028670134070591,195
2015-04,484,2857,23.785587310791016,86.77904510498047,0.10244179008862911,195
2015-04,484,2858,23.785587310791016,86.87240600585938,0.10604137753446898,195
2015-04,484,2859,23.785587310791016,86.96576690673828,0.1102812864841559,195
2015-04,484,2860,23.785587310791016,87.05912780761719,0.11066189549672298,195
2015-04,484,2861,23.785587310791016,87.1524887084961,0.10963329657530173,195
2015-04,484,2862,23.785587310791016,87.245849609375,0.1510674040286969,195
2015-04,484,2863,23.785587310791016,87.3392105102539,0.15066848435463048,195
2015-04,484,2864,23.785587310791016,87.43257904052734,0.1492524688442548,195
2015-04,484,2865,23.785587310791016,87.52593994140625,0.14572682770398948,195
2015-04,484,2866,23.785587310791016,87.61930084228516,0.14814741936249612,195
2015-04,484,2867,23.785587310791016,87.71266174316406,0.1503205839257974,195
2015-04,484,2868,23.785587310791016,87.80602264404297,0.16815489989060622,195
2015-04,484,2869,23.785587310791016,87.89938354492188,0.16828088271312225,195
2015-04,485,2820,23.70861053466797,83.32469177246094,0.06422838312693131,195
2015-04,485,2821,23.70861053466797,83.41805267333984,0.06035468519116059,195
2015-04,485,2822,23.70861053466797,83.51141357421875,0.06009317302168944,195
2015-04,485,2823,23.70861053466797,83.60477447509766,0.06643409967804566,195
2015-04,485,2824,23.70861053466797,83.69813537597656,0.06832939781821691,195
2015-04,485,2825,23.70861053466797,83.79149627685547,0.06741692223227941,195
2015-04,485,2826,23.70861053466797,83.88485717773438,0.08414352841866322,195
2015-04,485,2827,23.70861053466797,83.97821807861328,0.0813099321264487,195
2015-04,485,2828,23.70861053466797,84.07157897949219,0.08720264174999334,195
2015-04,485,2829,23.70861053466797,84.1649398803711,0.09187441353614513,195
2015-04,485,2830,23.70861053466797,84.25830078125,0.09001088511103239,195
2015-04,485,2831,23.70861053466797,84.3516616821289,0.11140707181050227,195
2015-04,485,2832,23.70861053466797,84.44502258300781,0.07608430570898912,195
2015-04,485,2833,23.70861053466797,84.53838348388672,0.07924498781943932,195
2015-04,485,2834,23.70861053466797,84.63174438476562,0.08166925725646508,195
2015-04,485,2835,23.70861053466797,84.72510528564453,0.10751506348068897,195
2015-04,485,2836,23.70861053466797,84.81846618652344,0.11218370523972389,195
2015-04,485,2837,23.70861053466797,84.91182708740234,0.1193723945854566,195
2015-04,485,2838,23.70861053466797,85.00518798828125,0.12344813430920626,195
2015-04,485,2839,23.70861053466797,85.09854888916016,0.17145737126851693,195
2015-04,485,2840,23.70861053466797,85.19190979003906,0.1538410600943443,195
2015-04,485,2841,23.70861053466797,85.28527069091797,0.15721833889301007,195
2015-04,485,2842,23.70861053466797,85.37863159179688,0.1606622867095165,195
2015-04,485,2843,23.70861053466797,85.47199249267578,0.162463762706671,195
2015-04,485,2844,23.70861053466797,85.56535339355469,0.1629448448618253,195
2015-04,485,2845,23.70861053466797,85.6587142944336,0.1619690648638285,195
2015-04,485,2846,23.70861053466797,85.7520751953125,0.10479039141000845,195
2015-04,485,2847,23.70861053466797,85.8454360961914,0.10375005516868371,195
2015-04,485,2848,23.70861053466797,85.93879699707031,0.09808700995949599,195
2015-04,485,2849,23.70861053466797,86.03215789794922,0.0972203890291544,195
2015-04,485,2850,23.70861053466797,86.12551879882812,0.09280050482887488,195
2015-04,485,2851,23.70861053466797,86.21887969970703,0.09335545542148443,195
2015-04,485,2852,23.70861053466797,86.31224060058594,0.09168692620900962,195
2015-04,485,2853,23.70861053466797,86.40560150146484,0.08877758366557267,195
2015-04,485,2854,23.70861053466797,86.49896240234375,0.09347955993352793,195
2015-04,485,2855,23.70861053466797,86.59232330322266,0.09689791983900926,195
2015-04,485,2856,23.70861053466797,86.68568420410156,0.10170373416099793,195
2015-04,485,2857,23.70861053466797,86.77904510498047,0.10192870354423156,195
2015-04,485,2858,23.70861053466797,86.87240600585938,0.10429459837002632,195
2015-04,485,2859,23.70861053466797,86.96576690673828,0.10855727808979841,195
2015-04,485,2860,23.70861053466797,87.05912780761719,0.10976600902966964,195
2015-04,485,2861,23.70861053466797,87.1524887084961,0.14851566480520445,195
2015-04,485,2862,23.70861053466797,87.245849609375,0.14342768027996405,195
2015-04,485,2863,23.70861053466797,87.3392105102539,0.14603982850527153,195
2015-04,485,2864,23.70861053466797,87.43257904052734,0.14527688897573032,195
2015-04,485,2865,23.70861053466797,87.52593994140625,0.14982635566057304,195
2015-04,485,2866,23.70861053466797,87.61930084228516,0.15235461955651258,195
2015-04,485,2867,23.70861053466797,87.71266174316406,0.157565143933663,195
2015-04,485,2868,23.70861053466797,87.80602264404297,0.17258088772113506,195
2015-04,485,2869,23.70861053466797,87.89938354492188,0.17383382996687521,195
2015-04,486,2820,23.631681442260742,83.32469177246094,0.06641445891597332,195
2015-04,486,2821,23.631681442260742,83.41805267333984,0.06834105719358494,195
2015-04,486,2822,23.631681442260742,83.51141357421875,0.06495759672461413,195
2015-04,486,2823,23.631681442260742,83.60477447509766,0.0662274409754154,195
2015-04,486,2824,23.631681442260742,83.69813537597656,0.07239316556698237,195
2015-04,486,2825,23.631681442260742,83.79149627685547,0.07602139252882738,195
2015-04,486,2826,23.631681442260742,83.88485717773438,0.07309037475631787,195
2015-04,486,2827,23.631681442260742,83.97821807861328,0.07310735504978742,195
2015-04,486,2828,23.631681442260742,84.07157897949219,0.07471578801289583,195
2015-04,486,2829,23.631681442260742,84.1649398803711,0.09766711940368017,195
2015-04,486,2830,23.631681442260742,84.25830078125,0.09611080105488116,195
2015-04,486,2831,23.631681442260742,84.3516616821289,0.07610684178578547,195
2015-04,486,2832,23.631681442260742,84.44502258300781,0.09548800778694642,195
2015-04,486,2833,23.631681442260742,84.53838348388672,0.09954598481074357,195
2015-04,486,2834,23.631681442260742,84.63174438476562,0.1039581224322319,195
2015-04,486,2835,23.631681442260742,84.72510528564453,0.10839749104701556,195
2015-04,486,2836,23.631681442260742,84.81846618652344,0.09013577243074393,195
2015-04,486,2837,23.631681442260742,84.91182708740234,0.11574221131129142,195
2015-04,486,2838,23.631681442260742,85.00518798828125,0.16628753688090886,195
2015-04,486,2839,23.631681442260742,85.09854888916016,0.1697158348483917,195
2015-04,486,2840,23.631681442260742,85.19190979003906,0.12265632049395488,195
2015-04,486,2841,23.631681442260742,85.28527069091797,0.12445959634123704,195
2015-04,486,2842,23.631681442260742,85.37863159179688,0.15509994939351693,195
2015-04,486,2843,23.631681442260742,85.47199249267578,0.15690158192928022,195
2015-04,486,2844,23.631681442260742,85.56535339355469,0.15865955096788895,195
2015-04,486,2845,23.631681442260742,85.6587142944336,0.15983533840148878,195
2015-04,486,2846,23.631681442260742,85.7520751953125,0.10705675196189146,195
2015-04,486,2847,23.631681442260742,85.8454360961914,0.10496528064593291,195
2015-04,486,2848,23.631681442260742,85.93879699707031,0.10329596923711973,195
2015-04,486,2849,23.631681442260742,86.03215789794922,0.1015923842214621,195
2015-04,486,2850,23.631681442260742,86.12551879882812,0.10119823809617605,195
2015-04,486,2851,23.631681442260742,86.21887969970703,0.09942665350360748,195
2015-04,486,2852,23.631681442260742,86.31224060058594,0.09853585314674256,195
2015-04,486,2853,23.631681442260742,86.40560150146484,0.09566015834227587,195
2015-04,486,2854,23.631681442260742,86.49896240234375,0.0959567265632825,195
2015-04,486,2855,23.631681442260742,86.59232330322266,0.1016639048472429,195
2015-04,486,2856,23.631681442260742,86.68568420410156,0.10617862844314331,195
2015-04,486,2857,23.631681442260742,86.77904510498047,0.10100284711672709,195
2015-04,486,2858,23.631681442260742,86.87240600585938,0.10810280098364904,195
2015-04,486,2859,23.631681442260742,86.96576690673828,0.10983729498126568,195
2015-04,486,2860,23.631681442260742,87.05912780761719,0.11223253346024416,195
2015-04,486,2861,23.631681442260742,87.1524887084961,0.16012126501554097,195
2015-04,486,2862,23.631681442260742,87.245849609375,0.16875257526452725,195
2015-04,486,2863,23.631681442260742,87.3392105102539,0.17369610969072732,195
2015-04,486,2864,23.631681442260742,87.43257904052734,0.17404479262156364,195
2015-04,486,2865,23.631681442260742,87.52593994140625,0.16435319215823443,195
2015-04,486,2866,23.631681442260742,87.61930084228516,0.1654609020321797,195
2015-04,486,2867,23.631681442260742,87.71266174316406,0.16586733361085257,195
2015-04,486,2868,23.631681442260742,87.80602264404297,0.16535495133736194,195
2015-04,486,2869,23.631681442260742,87.89938354492188,0.17130760030868725,195
2015-04,487,2820,23.554794311523438,83.32469177246094,0.06796162201043887,195
2015-04,487,2821,23.554794311523438,83.41805267333984,0.07072056747781924,195
2015-04,487,2822,23.554794311523438,83.51141357421875,0.0688568043212096,195
2015-04,487,2823,23.554794311523438,83.60477447509766,0.06835612039535474,195
2015-04,487,2824,23.554794311523438,83.69813537597656,0.0936435722005673,195
2015-04,487,2825,23.554794311523438,83.79149627685547,0.08214752230888758,195
2015-04,487,2826,23.554794311523438,83.88485717773438,0.0965019737680753,195
2015-04,487,2827,23.554794311523438,83.97821807861328,0.09139646125527529,195
2015-04,487,2828,23.554794311523438,84.07157897949219,0.07754558909397859,195
2015-04,487,2829,23.554794311523438,84.1649398803711,0.1101725969177026,195
2015-04,487,2830,23.554794311523438,84.25830078125,0.1119505980075934,195
2015-04,487,2831,23.554794311523438,84.3516616821289,0.08034702455386138,195
2015-04,487,2832,23.554794311523438,84.44502258300781,0.10068953331464377,195
2015-04,487,2833,23.554794311523438,84.53838348388672,0.10585506371198557,195
2015-04,487,2834,23.554794311523438,84.63174438476562,0.10842738250891368,195
2015-04,487,2835,23.554794311523438,84.72510528564453,0.11752850690331214,195
2015-04,487,2836,23.554794311523438,84.81846618652344,0.096990333402004,195
2015-04,487,2837,23.554794311523438,84.91182708740234,0.17172451722316254,195
2015-04,487,2838,23.554794311523438,85.00518798828125,0.1695194266545467,195
2015-04,487,2839,23.554794311523438,85.09854888916016,0.1694320995456133,195
2015-04,487,2840,23.554794311523438,85.19190979003906,0.12318670048545569,195
2015-04,487,2841,23.554794311523438,85.28527069091797,0.11866141299788768,195
2015-04,487,2842,23.554794311523438,85.37863159179688,0.11903239712119103,195
2015-04,487,2843,23.554794311523438,85.47199249267578,0.11922903991280458,195
2015-04,487,2844,23.554794311523438,85.56535339355469,0.15503907066125136,195
2015-04,487,2845,23.554794311523438,85.6587142944336,0.10772727789022983,195
2015-04,487,2846,23.554794311523438,85.7520751953125,0.1092109015545784,195
2015-04,487,2847,23.554794311523438,85.8454360961914,0.09826722009441792,195
2015-04,487,2848,23.554794311523438,85.93879699707031,0.10763650788710667,195
2015-04,487,2849,23.554794311523438,86.03215789794922,0.10747413877875377,195
2015-04,487,2850,23.554794311523438,86.12551879882812,0.1056614729647453,195
2015-04,487,2851,23.554794311523438,86.21887969970703,0.10229780975824747,195
2015-04,487,2852,23.554794311523438,86.31224060058594,0.10033169518678617,195
2015-04,487,2853,23.554794311523438,86.40560150146484,0.10098234565976338,195
2015-04,487,2854,23.554794311523438,86.49896240234375,0.10178769674056616,195
2015-04,487,2855,23.554794311523438,86.59232330322266,0.10542359231756283,195
2015-04,487,2856,23.554794311523438,86.68568420410156,0.10798612982034683,195
2015-04,487,2857,23.554794311523438,86.77904510498047,0.10475979584913987,195
2015-04,487,2858,23.554794311523438,86.87240600585938,0.10494078852427312,195
2015-04,487,2859,23.554794311523438,86.96576690673828,0.10712138689481294,195
2015-04,487,2860,23.554794311523438,87.05912780761719,0.11230593216724885,195
2015-04,487,2861,23.554794311523438,87.1524887084961,0.11286949007174908,195
2015-04,487,2862,23.554794311523438,87.245849609375,0.16689381985328136,195
2015-04,487,2863,23.554794311523438,87.3392105102539,0.1740313335871085,195
2015-04,487,2864,23.554794311523438,87.43257904052734,0.1767600743434368,195
2015-04,487,2865,23.554794311523438,87.52593994140625,0.166859702536693,195
2015-04,487,2866,23.554794311523438,87.61930084228516,0.16754736525890154,195
2015-04,487,2867,23.554794311523438,87.71266174316406,0.16563430447608996,195
2015-04,487,2868,23.554794311523438,87.80602264404297,0.17636819726381547,195
2015-04,487,2869,23.554794311523438,87.89938354492188,0.17055608542301717,195
2015-04,488,2820,23.47795295715332,83.32469177246094,0.07345603801883184,195
2015-04,488,2821,23.47795295715332,83.41805267333984,0.07005825782051453,195
2015-04,488,2822,23.47795295715332,83.51141357421875,0.07217797764982932,195
2015-04,488,2823,23.47795295715332,83.60477447509766,0.09110325773557028,195
2015-04,488,2824,23.47795295715332,83.69813537597656,0.0957001439271829,195
2015-04,488,2825,23.47795295715332,83.79149627685547,0.07751636264415887,195
2015-04,488,2826,23.47795295715332,83.88485717773438,0.09829891129181935,195
2015-04,488,2827,23.47795295715332,83.97821807861328,0.10261581836220546,195
2015-04,488,2828,23.47795295715332,84.07157897949219,0.1090535404208379,195
2015-04,488,2829,23.47795295715332,84.1649398803711,0.08780000393207256,195
2015-04,488,2830,23.47795295715332,84.25830078125,0.13865160063291207,195
2015-04,488,2831,23.47795295715332,84.3516616821289,0.0853686527755016,195
2015-04,488,2832,23.47795295715332,84.44502258300781,0.12972419158770487,195
2015-04,488,2833,23.47795295715332,84.53838348388672,0.10838520561273281,195
2015-04,488,2834,23.47795295715332,84.63174438476562,0.11568853138731076,195
2015-04,488,2835,23.47795295715332,84.72510528564453,0.16310729216306638,195
2015-04,488,2836,23.47795295715332,84.81846618652344,0.1681861997032777,195
2015-04,488,2837,23.47795295715332,84.91182708740234,0.1712230899395087,195
2015-04,488,2838,23.47795295715332,85.00518798828125,0.1713761472549194,195
2015-04,488,2839,23.47795295715332,85.09854888916016,0.16984854703530286,195
2015-04,488,2840,23.47795295715332,85.19190979003906,0.16817978330147573,195
2015-04,488,2841,23.47795295715332,85.28527069091797,0.16558234615203662,195
2015-04,488,2842,23.47795295715332,85.37863159179688,0.12221256360793725,195
2015-04,488,2843,23.47795295715332,85.47199249267578,0.12377091636642432,195
2015-04,488,2844,23.47795295715332,85.56535339355469,0.12834902258637623,195
2015-04,488,2845,23.47795295715332,85.6587142944336,0.09875573590397835,195
2015-04,488,2846,23.47795295715332,85.7520751953125,0.10145818489866379,195
2015-04,488,2847,23.47795295715332,85.8454360961914,0.12529663882958583,195
2015-04,488,2848,23.47795295715332,85.93879699707031,0.12282401095980253,195
2015-04,488,2849,23.47795295715332,86.03215789794922,0.12684771454869173,195
2015-04,488,2850,23.47795295715332,86.12551879882812,0.1080963844481187,195
2015-04,488,2851,23.47795295715332,86.21887969970703,0.10642863779495924,195
2015-04,488,2852,23.47795295715332,86.31224060058594,0.10546936858923008,195
2015-04,488,2853,23.47795295715332,86.40560150146484,0.10585600290542994,195
2015-04,488,2854,23.47795295715332,86.49896240234375,0.10360638780089525,195
2015-04,488,2855,23.47795295715332,86.59232330322266,0.10428919902978799,195
2015-04,488,2856,23.47795295715332,86.68568420410156,0.10505644220572252,195
2015-04,488,2857,23.47795295715332,86.77904510498047,0.10883835263741322,195
2015-04,488,2858,23.47795295715332,86.87240600585938,0.10526490083489663,195
2015-04,488,2859,23.47795295715332,86.96576690673828,0.1082801158611591,195
2015-04,488,2860,23.47795295715332,87.05912780761719,0.11361451020989663,195
2015-04,488,2861,23.47795295715332,87.1524887084961,0.1116688972291274,195
2015-04,488,2862,23.47795295715332,87.245849609375,0.11551434682347836,195
2015-04,488,2863,23.47795295715332,87.3392105102539,0.13873305935890246,195
2015-04,488,2864,23.47795295715332,87.43257904052734,0.17614659269650776,195
2015-04,488,2865,23.47795295715332,87.52593994140625,0.16850217408858814,195
2015-04,488,2866,23.47795295715332,87.61930084228516,0.16634810272699746,195
2015-04,488,2867,23.47795295715332,87.71266174316406,0.16374800507074747,195
2015-04,488,2868,23.47795295715332,87.80602264404297,0.15829772219443933,195
2015-04,488,2869,23.47795295715332,87.89938354492188,0.166585044333568,195
2015-04,489,2820,23.401153564453125,83.32469177246094,0.07757731964572882,195
2015-04,489,2821,23.401153564453125,83.41805267333984,0.07396200383320833,195
2015-04,489,2822,23.401153564453125,83.51141357421875,0.07807366064725778,195
2015-04,489,2823,23.401153564453125,83.60477447509766,0.09590007322720992,195
2015-04,489,2824,23.401153564453125,83.69813537597656,0.08291327896026465,195
2015-04,489,2825,23.401153564453125,83.79149627685547,0.10772719962092546,195
2015-04,489,2826,23.401153564453125,83.88485717773438,0.1044958576751061,195
2015-04,489,2827,23.401153564453125,83.97821807861328,0.11215279620045271,195
2015-04,489,2828,23.401153564453125,84.07157897949219,0.10751130733734522,195
2015-04,489,2829,23.401153564453125,84.1649398803711,0.08690967309551362,195
2015-04,489,2830,23.401153564453125,84.25830078125,0.10750035236661251,195
2015-04,489,2831,23.401153564453125,84.3516616821289,0.1124404438986228,195
2015-04,489,2832,23.401153564453125,84.44502258300781,0.10808214256778742,195
2015-04,489,2833,23.401153564453125,84.53838348388672,0.10874930364199174,195
2015-04,489,2834,23.401153564453125,84.63174438476562,0.11760730451116196,195
2015-04,489,2835,23.401153564453125,84.72510528564453,0.16698333758574266,195
2015-04,489,2836,23.401153564453125,84.81846618652344,0.16830279246354715,195
2015-04,489,2837,23.401153564453125,84.91182708740234,0.17394932684225914,195
2015-04,489,2838,23.401153564453125,85.00518798828125,0.17141214234706684,195
2015-04,489,2839,23.401153564453125,85.09854888916016,0.16980660488972296,195
2015-04,489,2840,23.401153564453125,85.19190979003906,0.16708850596959773,195
2015-04,489,2841,23.401153564453125,85.28527069091797,0.1644319115158839,195
2015-04,489,2842,23.401153564453125,85.37863159179688,0.1656728031925666,195
2015-04,489,2843,23.401153564453125,85.47199249267578,0.16818494777648876,195
2015-04,489,2844,23.401153564453125,85.56535339355469,0.1673130840063095,195
2015-04,489,2845,23.401153564453125,85.6587142944336,0.11918490699086434,195
2015-04,489,2846,23.401153564453125,85.7520751953125,0.12074099039802184,195
2015-04,489,2847,23.401153564453125,85.8454360961914,0.12657329094333528,195
2015-04,489,2848,23.401153564453125,85.93879699707031,0.10399036147655585,195
2015-04,489,2849,23.401153564453125,86.03215789794922,0.1265112387255216,195
2015-04,489,2850,23.401153564453125,86.12551879882812,0.10528156822308515,195
2015-04,489,2851,23.401153564453125,86.21887969970703,0.1033563002370871,195
2015-04,489,2852,23.401153564453125,86.31224060058594,0.1037943449540016,195
2015-04,489,2853,23.401153564453125,86.40560150146484,0.10430187558134398,195
2015-04,489,2854,23.401153564453125,86.49896240234375,0.10680987273271267,195
2015-04,489,2855,23.401153564453125,86.59232330322266,0.10535089782415293,195
2015-04,489,2856,23.401153564453125,86.68568420410156,0.10668835007609465,195
2015-04,489,2857,23.401153564453125,86.77904510498047,0.10789152519443096,195
2015-04,489,2858,23.401153564453125,86.87240600585938,0.10489156916737556,195
2015-04,489,2859,23.401153564453125,86.96576690673828,0.1063570388043538,195
2015-04,489,2860,23.401153564453125,87.05912780761719,0.1158635774293007,195
2015-04,489,2861,23.401153564453125,87.1524887084961,0.116864397472296,195
2015-04,489,2862,23.401153564453125,87.245849609375,0.1200618571960009,195
2015-04,489,2863,23.401153564453125,87.3392105102539,0.14247897452650926,195
2015-04,489,2864,23.401153564453125,87.43257904052734,0.13893877896360862,195
2015-04,489,2865,23.401153564453125,87.52593994140625,0.17450850300299817,195
2015-04,489,2866,23.401153564453125,87.61930084228516,0.17077878553133743,195
2015-04,489,2867,23.401153564453125,87.71266174316406,0.15736482315338574,195
2015-04,489,2868,23.401153564453125,87.80602264404297,0.15090526919334363,195
2015-04,489,2869,23.401153564453125,87.89938354492188,0.1585166661021037,195
2015-04,490,2820,23.324398040771484,83.32469177246094,0.08233203637676362,195
2015-04,490,2821,23.324398040771484,83.41805267333984,0.083647265820167,195
2015-04,490,2822,23.324398040771484,83.51141357421875,0.08132605185875526,195
2015-04,490,2823,23.324398040771484,83.60477447509766,0.08964029208589823,195
2015-04,490,2824,23.324398040771484,83.69813537597656,0.0931713322034249,195
2015-04,490,2825,23.324398040771484,83.79149627685547,0.11600935739966539,195
2015-04,490,2826,23.324398040771484,83.88485717773438,0.11595254773512864,195
2015-04,490,2827,23.324398040771484,83.97821807861328,0.12045913329109167,195
2015-04,490,2828,23.324398040771484,84.07157897949219,0.08889464588883596,195
2015-04,490,2829,23.324398040771484,84.1649398803711,0.08674957326207405,195
2015-04,490,2830,23.324398040771484,84.25830078125,0.10959393639977162,195
2015-04,490,2831,23.324398040771484,84.3516616821289,0.11379174649333343,195
2015-04,490,2832,23.324398040771484,84.44502258300781,0.11091519099397537,195
2015-04,490,2833,23.324398040771484,84.53838348388672,0.11622321489147651,195
2015-04,490,2834,23.324398040771484,84.63174438476562,0.1585140054424604,195
2015-04,490,2835,23.324398040771484,84.72510528564453,0.16745628175827174,195
2015-04,490,2836,23.324398040771484,84.81846618652344,0.16451297876162407,195
2015-04,490,2837,23.324398040771484,84.91182708740234,0.1666596947190089,195
2015-04,490,2838,23.324398040771484,85.00518798828125,0.16719023119180632,195
2015-04,490,2839,23.324398040771484,85.09854888916016,0.16614418251392168,195
2015-04,490,2840,23.324398040771484,85.19190979003906,0.16501737951468198,195
2015-04,490,2841,23.324398040771484,85.28527069091797,0.16271541504523693,195
2015-04,490,2842,23.324398040771484,85.37863159179688,0.16429340862310848,195
2015-04,490,2843,23.324398040771484,85.47199249267578,0.1661934801019155,195
2015-04,490,2844,23.324398040771484,85.56535339355469,0.16660726716121038,195
2015-04,490,2845,23.324398040771484,85.6587142944336,0.12205136829079725,195
2015-04,490,2846,23.324398040771484,85.7520751953125,0.1260935389269621,195
2015-04,490,2847,23.324398040771484,85.8454360961914,0.12863393171857565,195
2015-04,490,2848,23.324398040771484,85.93879699707031,0.10529541835570946,195
2015-04,490,2849,23.324398040771484,86.03215789794922,0.09710817818458263,195
2015-04,490,2850,23.324398040771484,86.12551879882812,0.10330105565297298,195
2015-04,490,2851,23.324398040771484,86.21887969970703,0.10505855509485953,195
2015-04,490,2852,23.324398040771484,86.31224060058594,0.10464390735977736,195
2015-04,490,2853,23.324398040771484,86.40560150146484,0.10463850794312282,195
2015-04,490,2854,23.324398040771484,86.49896240234375,0.10450243073014112,195
2015-04,490,2855,23.324398040771484,86.59232330322266,0.1058503687954866,195
2015-04,490,2856,23.324398040771484,86.68568420410156,0.10451049050077414,195
2015-04,490,2857,23.324398040771484,86.77904510498047,0.10644999998502243,195
2015-04,490,2858,23.324398040771484,86.87240600585938,0.10712975957072698,195
2015-04,490,2859,23.324398040771484,86.96576690673828,0.11187907711435587,195
2015-04,490,2860,23.324398040771484,87.05912780761719,0.1127970301761077,195
2015-04,490,2861,23.324398040771484,87.1524887084961,0.1173171531313505,195
2015-04,490,2862,23.324398040771484,87.245849609375,0.13625870965994322,195
2015-04,490,2863,23.324398040771484,87.3392105102539,0.137244975203887,195
2015-04,490,2864,23.324398040771484,87.43257904052734,0.13371816040613713,195
2015-04,490,2865,23.324398040771484,87.52593994140625,0.1335445231352097,195
2015-04,490,2866,23.324398040771484,87.61930084228516,0.12601528882216184,195
2015-04,490,2867,23.324398040771484,87.71266174316406,0.1585108756636962,195
2015-04,490,2868,23.324398040771484,87.80602264404297,0.15457348200755242,195
2015-04,490,2869,23.324398040771484,87.89938354492188,0.15256855548956455,195
2015-04,491,2820,23.2476863861084,83.32469177246094,0.08797614501836973,195
2015-04,491,2821,23.2476863861084,83.41805267333984,0.0849840922615467,195
2015-04,491,2822,23.2476863861084,83.51141357421875,0.1021333277798616,195
2015-04,491,2823,23.2476863861084,83.60477447509766,0.10892223689036491,195
2015-04,491,2824,23.2476863861084,83.69813537597656,0.10991765747849758,195
2015-04,491,2825,23.2476863861084,83.79149627685547,0.1142561616232762,195
2015-04,491,2826,23.2476863861084,83.88485717773438,0.0942127641576987,195
2015-04,491,2827,23.2476863861084,83.97821807861328,0.09159036525166951,195
2015-04,491,2828,23.2476863861084,84.07157897949219,0.10917967978196266,195
2015-04,491,2829,23.2476863861084,84.1649398803711,0.09106053318350743,195
2015-04,491,2830,23.2476863861084,84.25830078125,0.11417454654971758,195
2015-04,491,2831,23.2476863861084,84.3516616821289,0.11344509810591355,195
2015-04,491,2832,23.2476863861084,84.44502258300781,0.11453496689597766,195
2015-04,491,2833,23.2476863861084,84.53838348388672,0.15817173910446655,195
2015-04,491,2834,23.2476863861084,84.63174438476562,0.15829913039238025,195
2015-04,491,2835,23.2476863861084,84.72510528564453,0.1593379800518354,195
2015-04,491,2836,23.2476863861084,84.81846618652344,0.16276659075266275,195
2015-04,491,2837,23.2476863861084,84.91182708740234,0.16469561472917216,195
2015-04,491,2838,23.2476863861084,85.00518798828125,0.16444787467137362,195
2015-04,491,2839,23.2476863861084,85.09854888916016,0.16475164191080974,195
2015-04,491,2840,23.2476863861084,85.19190979003906,0.16424551957692857,195
2015-04,491,2841,23.2476863861084,85.28527069091797,0.16545057262365634,195
2015-04,491,2842,23.2476863861084,85.37863159179688,0.16559940458108216,195
2015-04,491,2843,23.2476863861084,85.47199249267578,0.164618459993448,195
2015-04,491,2844,23.2476863861084,85.56535339355469,0.16384190508188345,195
2015-04,491,2845,23.2476863861084,85.6587142944336,0.1700352520896838,195
2015-04,491,2846,23.2476863861084,85.7520751953125,0.12936478853225708,195
2015-04,491,2847,23.2476863861084,85.8454360961914,0.1738105112161392,195
2015-04,491,2848,23.2476863861084,85.93879699707031,0.1262829828529786,195
2015-04,491,2849,23.2476863861084,86.03215789794922,0.12132176369046553,195
2015-04,491,2850,23.2476863861084,86.12551879882812,0.12184165794497881,195
2015-04,491,2851,23.2476863861084,86.21887969970703,0.10251761459005185,195
2015-04,491,2852,23.2476863861084,86.31224060058594,0.10599693147799907,195
2015-04,491,2853,23.2476863861084,86.40560150146484,0.10560513270589021,195
2015-04,491,2854,23.2476863861084,86.49896240234375,0.10319651330892857,195
2015-04,491,2855,23.2476863861084,86.59232330322266,0.10121341853951797,195
2015-04,491,2856,23.2476863861084,86.68568420410156,0.10348423918088277,195
2015-04,491,2857,23.2476863861084,86.77904510498047,0.10396751237985416,195
2015-04,491,2858,23.2476863861084,86.87240600585938,0.10696300827921965,195
2015-04,491,2859,23.2476863861084,86.96576690673828,0.11116488755513461,195
2015-04,491,2860,23.2476863861084,87.05912780761719,0.11539047675637099,195
2015-04,491,2861,23.2476863861084,87.1524887084961,0.11683567964877838,195
2015-04,491,2862,23.2476863861084,87.245849609375,0.15247841125879533,195
2015-04,491,2863,23.2476863861084,87.3392105102539,0.15360036274561514,195
2015-04,491,2864,23.2476863861084,87.43257904052734,0.13962268588634638,195
2015-04,491,2865,23.2476863861084,87.52593994140625,0.1300294459821322,195
2015-04,491,2866,23.2476863861084,87.61930084228516,0.12978507060653124,195
2015-04,491,2867,23.2476863861084,87.71266174316406,0.12670882030939445,195
2015-04,491,2868,23.2476863861084,87.80602264404297,0.12125360776598637,195
2015-04,491,2869,23.2476863861084,87.89938354492188,0.12042071253825457,195
2015-04,492,2820,23.171016693115234,83.32469177246094,0.08977034382331066,195
2015-04,492,2821,23.171016693115234,83.41805267333984,0.11232079959068543,195
2015-04,492,2822,23.171016693115234,83.51141357421875,0.10963791314608011,195
2015-04,492,2823,23.171016693115234,83.60477447509766,0.10531779797031329,195
2015-04,492,2824,23.171016693115234,83.69813537597656,0.10675767979178673,195
2015-04,492,2825,23.171016693115234,83.79149627685547,0.11221242289130505,195
2015-04,492,2826,23.171016693115234,83.88485717773438,0.11461712981645877,195
2015-04,492,2827,23.171016693115234,83.97821807861328,0.09127705148779429,195
2015-04,492,2828,23.171016693115234,84.07157897949219,0.11057527212378307,195
2015-04,492,2829,23.171016693115234,84.1649398803711,0.11705305857154039,195
2015-04,492,2830,23.171016693115234,84.25830078125,0.09242897272492066,195
2015-04,492,2831,23.171016693115234,84.3516616821289,0.11099860574572515,195
2015-04,492,2832,23.171016693115234,84.44502258300781,0.11195231893887887,195
2015-04,492,2833,23.171016693115234,84.53838348388672,0.15748423284445054,195
2015-04,492,2834,23.171016693115234,84.63174438476562,0.15674915057726396,195
2015-04,492,2835,23.171016693115234,84.72510528564453,0.1571682585737644,195
2015-04,492,2836,23.171016693115234,84.81846618652344,0.15895251956505654,195
2015-04,492,2837,23.171016693115234,84.91182708740234,0.16058873125375844,195
2015-04,492,2838,23.171016693115234,85.00518798828125,0.16118311977539307,195
2015-04,492,2839,23.171016693115234,85.09854888916016,0.16248316848889374,195
2015-04,492,2840,23.171016693115234,85.19190979003906,0.1621659421767944,195
2015-04,492,2841,23.171016693115234,85.28527069091797,0.16414332470068566,195
2015-04,492,2842,23.171016693115234,85.37863159179688,0.16482504048408606,195
2015-04,492,2843,23.171016693115234,85.47199249267578,0.162386764280307,195
2015-04,492,2844,23.171016693115234,85.56535339355469,0.16509124778020076,195
2015-04,492,2845,23.171016693115234,85.6587142944336,0.1699195982171939,195
2015-04,492,2846,23.171016693115234,85.7520751953125,0.17152184924254052,195
2015-04,492,2847,23.171016693115234,85.8454360961914,0.1731701116531323,195
2015-04,492,2848,23.171016693115234,85.93879699707031,0.1748211907270627,195
2015-04,492,2849,23.171016693115234,86.03215789794922,0.13109302274309673,195
2015-04,492,2850,23.171016693115234,86.12551879882812,0.121931802156644,195
2015-04,492,2851,23.171016693115234,86.21887969970703,0.1284597468872865,195
2015-04,492,2852,23.171016693115234,86.31224060058594,0.10598722856778364,195
2015-04,492,2853,23.171016693115234,86.40560150146484,0.10639405122552163,195
2015-04,492,2854,23.171016693115234,86.49896240234375,0.10392838750894252,195
2015-04,492,2855,23.171016693115234,86.59232330322266,0.10312600991664789,195
2015-04,492,2856,23.171016693115234,86.68568420410156,0.12887674228121074,195
2015-04,492,2857,23.171016693115234,86.77904510498047,0.13090193565839375,195
2015-04,492,2858,23.171016693115234,86.87240600585938,0.11120197813098247,195
2015-04,492,2859,23.171016693115234,86.96576690673828,0.11416061820510107,195
2015-04,492,2860,23.171016693115234,87.05912780761719,0.1201095115679961,195
2015-04,492,2861,23.171016693115234,87.1524887084961,0.1582003787924082,195
2015-04,492,2862,23.171016693115234,87.245849609375,0.1600718106978979,195
2015-04,492,2863,23.171016693115234,87.3392105102539,0.1627592357687461,195
2015-04,492,2864,23.171016693115234,87.43257904052734,0.14862552797183012,195
2015-04,492,2865,23.171016693115234,87.52593994140625,0.14256927546782372,195
2015-04,492,2866,23.171016693115234,87.61930084228516,0.14024008004329144,195
2015-04,492,2867,23.171016693115234,87.71266174316406,0.12740219546816287,195
2015-04,492,2868,23.171016693115234,87.80602264404297,0.1248021760621132,195
2015-04,492,2869,23.171016693115234,87.89938354492188,0.1262166266831068,195
2015-04,493,2820,23.094390869140625,83.32469177246094,0.08932416108556283,195
2015-04,493,2821,23.094390869140625,83.41805267333984,0.11090345365496782,195
2015-04,493,2822,23.094390869140625,83.51141357421875,0.10528219411006341,195
2015-04,493,2823,23.094390869140625,83.60477447509766,0.11713099584747584,195
2015-04,493,2824,23.094390869140625,83.69813537597656,0.11505102721544412,195
2015-04,493,2825,23.094390869140625,83.79149627685547,0.1150568959613641,195
2015-04,493,2826,23.094390869140625,83.88485717773438,0.11169158953886765,195
2015-04,493,2827,23.094390869140625,83.97821807861328,0.11435538285817855,195
2015-04,493,2828,23.094390869140625,84.07157897949219,0.10743579587493188,195
2015-04,493,2829,23.094390869140625,84.1649398803711,0.11276760804347503,195
2015-04,493,2830,23.094390869140625,84.25830078125,0.09256575403687281,195
2015-04,493,2831,23.094390869140625,84.3516616821289,0.11272464870260313,195
2015-04,493,2832,23.094390869140625,84.44502258300781,0.10867261835015737,195
2015-04,493,2833,23.094390869140625,84.53838348388672,0.1573200639241781,195
2015-04,493,2834,23.094390869140625,84.63174438476562,0.15584442164653386,195
2015-04,493,2835,23.094390869140625,84.72510528564453,0.15469711724764262,195
2015-04,493,2836,23.094390869140625,84.81846618652344,0.15474657125962085,195
2015-04,493,2837,23.094390869140625,84.91182708740234,0.1543935063557747,195
2015-04,493,2838,23.094390869140625,85.00518798828125,0.15410178960897983,195
2015-04,493,2839,23.094390869140625,85.09854888916016,0.15737483898798624,195
2015-04,493,2840,23.094390869140625,85.19190979003906,0.1578950462050927,195
2015-04,493,2841,23.094390869140625,85.28527069091797,0.15902482259732026,195
2015-04,493,2842,23.094390869140625,85.37863159179688,0.16185247187431043,195
2015-04,493,2843,23.094390869140625,85.47199249267578,0.1151761491329242,195
2015-04,493,2844,23.094390869140625,85.56535339355469,0.11736668522159259,195
2015-04,493,2845,23.094390869140625,85.6587142944336,0.16599597663451462,195
2015-04,493,2846,23.094390869140625,85.7520751953125,0.16846289252623534,195
2015-04,493,2847,23.094390869140625,85.8454360961914,0.17077002154710966,195
2015-04,493,2848,23.094390869140625,85.93879699707031,0.17313928088316552,195
2015-04,493,2849,23.094390869140625,86.03215789794922,0.17548459611642056,195
2015-04,493,2850,23.094390869140625,86.12551879882812,0.12954805065424013,195
2015-04,493,2851,23.094390869140625,86.21887969970703,0.13274073703930928,195
2015-04,493,2852,23.094390869140625,86.31224060058594,0.11180121822234912,195
2015-04,493,2853,23.094390869140625,86.40560150146484,0.10864225775003433,195
2015-04,493,2854,23.094390869140625,86.49896240234375,0.1071078496483656,195
2015-04,493,2855,23.094390869140625,86.59232330322266,0.10777336762119562,195
2015-04,493,2856,23.094390869140625,86.68568420410156,0.13377066621413597,195
2015-04,493,2857,23.094390869140625,86.77904510498047,0.136460203734728,195
2015-04,493,2858,23.094390869140625,86.87240600585938,0.1137128706352833,195
2015-04,493,2859,23.094390869140625,86.96576690673828,0.11807696261467078,195
2015-04,493,2860,23.094390869140625,87.05912780761719,0.11951786184158081,195
2015-04,493,2861,23.094390869140625,87.1524887084961,0.1621748630435039,195
2015-04,493,2862,23.094390869140625,87.245849609375,0.1653457176226836,195
2015-04,493,2863,23.094390869140625,87.3392105102539,0.16693091037181707,195
2015-04,493,2864,23.094390869140625,87.43257904052734,0.14935763684602885,195
2015-04,493,2865,23.094390869140625,87.52593994140625,0.1435618010468972,195
2015-04,493,2866,23.094390869140625,87.61930084228516,0.14170101128327542,195
2015-04,493,2867,23.094390869140625,87.71266174316406,0.1424581601833686,195
2015-04,493,2868,23.094390869140625,87.80602264404297,0.13720350261682118,195
2015-04,493,2869,23.094390869140625,87.89938354492188,0.13883001120426716,195
2015-04,494,2820,23.01780891418457,83.32469177246094,0.08820377481289399,195
2015-04,494,2821,23.01780891418457,83.41805267333984,0.09164944401918314,195
2015-04,494,2822,23.01780891418457,83.51141357421875,0.11261783721737373,195
2015-04,494,2823,23.01780891418457,83.60477447509766,0.11234716975536102,195
2015-04,494,2824,23.01780891418457,83.69813537597656,0.115078649440637,195
2015-04,494,2825,23.01780891418457,83.79149627685547,0.10903429094797526,195
2015-04,494,2826,23.01780891418457,83.88485717773438,0.10791758232009717,195
2015-04,494,2827,23.01780891418457,83.97821807861328,0.10959260616547022,195
2015-04,494,2828,23.01780891418457,84.07157897949219,0.11020647891056844,195
2015-04,494,2829,23.01780891418457,84.1649398803711,0.11032158499344802,195
2015-04,494,2830,23.01780891418457,84.25830078125,0.08947048909389056,195
2015-04,494,2831,23.01780891418457,84.3516616821289,0.08861904874061927,195
2015-04,494,2832,23.01780891418457,84.44502258300781,0.10854913964867592,195
2015-04,494,2833,23.01780891418457,84.53838348388672,0.15467567665454668,195
2015-04,494,2834,23.01780891418457,84.63174438476562,0.15362368092322962,195
2015-04,494,2835,23.01780891418457,84.72510528564453,0.15152814059685438,195
2015-04,494,2836,23.01780891418457,84.81846618652344,0.1507702090801337,195
2015-04,494,2837,23.01780891418457,84.91182708740234,0.1511204569767683,195
2015-04,494,2838,23.01780891418457,85.00518798828125,0.15023842071875548,195
2015-04,494,2839,23.01780891418457,85.09854888916016,0.15199529413993543,195
2015-04,494,2840,23.01780891418457,85.19190979003906,0.15457489024370144,195
2015-04,494,2841,23.01780891418457,85.28527069091797,0.1549248251395348,195
2015-04,494,2842,23.01780891418457,85.37863159179688,0.11328742404778798,195
2015-04,494,2843,23.01780891418457,85.47199249267578,0.1133963484221544,195
2015-04,494,2844,23.01780891418457,85.56535339355469,0.11498482748866082,195
2015-04,494,2845,23.01780891418457,85.6587142944336,0.16583196417643473,195
2015-04,494,2846,23.01780891418457,85.7520751953125,0.16828103909889858,195
2015-04,494,2847,23.01780891418457,85.8454360961914,0.17029660787337866,195
2015-04,494,2848,23.01780891418457,85.93879699707031,0.171385850585424,195
2015-04,494,2849,23.01780891418457,86.03215789794922,0.17264646127437933,195
2015-04,494,2850,23.01780891418457,86.12551879882812,0.1297268522855563,195
2015-04,494,2851,23.01780891418457,86.21887969970703,0.1333990561274382,195
2015-04,494,2852,23.01780891418457,86.31224060058594,0.11132240522748385,195
2015-04,494,2853,23.01780891418457,86.40560150146484,0.11240664015595729,195
2015-04,494,2854,23.01780891418457,86.49896240234375,0.11044639438772813,195
2015-04,494,2855,23.01780891418457,86.59232330322266,0.11303092015859409,195
2015-04,494,2856,23.01780891418457,86.68568420410156,0.11517794898305184,195
2015-04,494,2857,23.01780891418457,86.77904510498047,0.14088360934685437,195
2015-04,494,2858,23.01780891418457,86.87240600585938,0.14316084652374952,195
2015-04,494,2859,23.01780891418457,86.96576690673828,0.12258706939144012,195
2015-04,494,2860,23.01780891418457,87.05912780761719,0.123485772865705,195
2015-04,494,2861,23.01780891418457,87.1524887084961,0.16469999693143061,195
2015-04,494,2862,23.01780891418457,87.245849609375,0.16145010991738393,195
2015-04,494,2863,23.01780891418457,87.3392105102539,0.1644538219158466,195
2015-04,494,2864,23.01780891418457,87.43257904052734,0.1470054356333537,195
2015-04,494,2865,23.01780891418457,87.52593994140625,0.15243599965022162,195
2015-04,494,2866,23.01780891418457,87.61930084228516,0.14865995798355494,195
2015-04,494,2867,23.01780891418457,87.71266174316406,0.14562635433215362,195
2015-04,494,2868,23.01780891418457,87.80602264404297,0.1401491532341028,195
2015-04,494,2869,23.01780891418457,87.89938354492188,0.13782559163295305,195
2015-04,495,2820,22.941267013549805,83.32469177246094,0.10641729121024791,195
2015-04,495,2821,22.941267013549805,83.41805267333984,0.09103158051386857,195
2015-04,495,2822,22.941267013549805,83.51141357421875,0.11915235507946748,195
2015-04,495,2823,22.941267013549805,83.60477447509766,0.11957514081627894,195
2015-04,495,2824,22.941267013549805,83.69813537597656,0.0982791923559629,195
2015-04,495,2825,22.941267013549805,83.79149627685547,0.1111191892088988,195
2015-04,495,2826,22.941267013549805,83.88485717773438,0.10492220383424025,195
2015-04,495,2827,22.941267013549805,83.97821807861328,0.08105014168108121,195
2015-04,495,2828,22.941267013549805,84.07157897949219,0.10637808807003192,195
2015-04,495,2829,22.941267013549805,84.1649398803711,0.10935378664961228,195
2015-04,495,2830,22.941267013549805,84.25830078125,0.08847326857921405,195
2015-04,495,2831,22.941267013549805,84.3516616821289,0.0866899464565974,195
2015-04,495,2832,22.941267013549805,84.44502258300781,0.08719317345665051,195
2015-04,495,2833,22.941267013549805,84.53838348388672,0.08518589937534088,195
2015-04,495,2834,22.941267013549805,84.63174438476562,0.15298422017158606,195
2015-04,495,2835,22.941267013549805,84.72510528564453,0.15039319961498945,195
2015-04,495,2836,22.941267013549805,84.81846618652344,0.15003512662190657,195
2015-04,495,2837,22.941267013549805,84.91182708740234,0.14933541333064054,195
2015-04,495,2838,22.941267013549805,85.00518798828125,0.1470171729150491,195
2015-04,495,2839,22.941267013549805,85.09854888916016,0.15049101228897388,195
2015-04,495,2840,22.941267013549805,85.19190979003906,0.15422965028347113,195
2015-04,495,2841,22.941267013549805,85.28527069091797,0.15527069094853524,195
2015-04,495,2842,22.941267013549805,85.37863159179688,0.15656275825622754,195
2015-04,495,2843,22.941267013549805,85.47199249267578,0.156110159212198,195
2015-04,495,2844,22.941267013549805,85.56535339355469,0.15886691369307346,195
2015-04,495,2845,22.941267013549805,85.6587142944336,0.1599702415175927,195
2015-04,495,2846,22.941267013549805,85.7520751953125,0.16152663811659201,195
2015-04,495,2847,22.941267013549805,85.8454360961914,0.16497027293229716,195
2015-04,495,2848,22.941267013549805,85.93879699707031,0.1674400058694375,195
2015-04,495,2849,22.941267013549805,86.03215789794922,0.17290014842381843,195
2015-04,495,2850,22.941267013549805,86.12551879882812,0.12801833748817443,195
2015-04,495,2851,22.941267013549805,86.21887969970703,0.12473128132331066,195
2015-04,495,2852,22.941267013549805,86.31224060058594,0.13294254422951968,195
2015-04,495,2853,22.941267013549805,86.40560150146484,0.11789964764164045,195
2015-04,495,2854,22.941267013549805,86.49896240234375,0.11985355506722743,195
2015-04,495,2855,22.941267013549805,86.59232330322266,0.11976505409066494,195
2015-04,495,2856,22.941267013549805,86.68568420410156,0.11674193569864982,195
2015-04,495,2857,22.941267013549805,86.77904510498047,0.12068519802429738,195
2015-04,495,2858,22.941267013549805,86.87240600585938,0.12137035681651188,195
2015-04,495,2859,22.941267013549805,86.96576690673828,0.12295116734428284,195
2015-04,495,2860,22.941267013549805,87.05912780761719,0.17039504628150892,195
2015-04,495,2861,22.941267013549805,87.1524887084961,0.16993853465104714,195
2015-04,495,2862,22.941267013549805,87.245849609375,0.16813439818528983,195
2015-04,495,2863,22.941267013549805,87.3392105102539,0.17026436856159796,195
2015-04,495,2864,22.941267013549805,87.43257904052734,0.15589653650919597,195
2015-04,495,2865,22.941267013549805,87.52593994140625,0.15911105470015452,195
2015-04,495,2866,22.941267013549805,87.61930084228516,0.16629332770139743,195
2015-04,495,2867,22.941267013549805,87.71266174316406,0.14896998531543293,195
2015-04,495,2868,22.941267013549805,87.80602264404297,0.139989835749834,195
2015-04,495,2869,22.941267013549805,87.89938354492188,0.13948903442957464,195
2015-04,496,2820,22.864768981933594,83.32469177246094,0.10408989569315544,195
2015-04,496,2821,22.864768981933594,83.41805267333984,0.10773745060731203,195
2015-04,496,2822,22.864768981933594,83.51141357421875,0.11856719998595042,195
2015-04,496,2823,22.864768981933594,83.60477447509766,0.11841140379890418,195
2015-04,496,2824,22.864768981933594,83.69813537597656,0.11625075932496633,195
2015-04,496,2825,22.864768981933594,83.79149627685547,0.11652565212585987,195
2015-04,496,2826,22.864768981933594,83.88485717773438,0.09086177765558927,195
2015-04,496,2827,22.864768981933594,83.97821807861328,0.08780509009957313,195
2015-04,496,2828,22.864768981933594,84.07157897949219,0.09923110600465383,195
2015-04,496,2829,22.864768981933594,84.1649398803711,0.10471237601760106,195
2015-04,496,2830,22.864768981933594,84.25830078125,0.08231763841632085,195
2015-04,496,2831,22.864768981933594,84.3516616821289,0.08218633458018303,195
2015-04,496,2832,22.864768981933594,84.44502258300781,0.10438677697227551,195
2015-04,496,2833,22.864768981933594,84.53838348388672,0.10344198401539753,195
2015-04,496,2834,22.864768981933594,84.63174438476562,0.10888154682440636,195
2015-04,496,2835,22.864768981933594,84.72510528564453,0.1507775644843395,195
2015-04,496,2836,22.864768981933594,84.81846618652344,0.14968300068225615,195
2015-04,496,2837,22.864768981933594,84.91182708740234,0.14822543420088596,195
2015-04,496,2838,22.864768981933594,85.00518798828125,0.14935599317153295,195
2015-04,496,2839,22.864768981933594,85.09854888916016,0.15240955073864032,195
2015-04,496,2840,22.864768981933594,85.19190979003906,0.15122139969697365,195
2015-04,496,2841,22.864768981933594,85.28527069091797,0.15336717665195465,195
2015-04,496,2842,22.864768981933594,85.37863159179688,0.10938852973855459,195
2015-04,496,2843,22.864768981933594,85.47199249267578,0.10806320598110175,195
2015-04,496,2844,22.864768981933594,85.56535339355469,0.11166263685012474,195
2015-04,496,2845,22.864768981933594,85.6587142944336,0.11442526021064856,195
2015-04,496,2846,22.864768981933594,85.7520751953125,0.12085335774299426,195
2015-04,496,2847,22.864768981933594,85.8454360961914,0.11919476653520877,195
2015-04,496,2848,22.864768981933594,85.93879699707031,0.11794080718969688,195
2015-04,496,2849,22.864768981933594,86.03215789794922,0.21489922190323854,195
2015-04,496,2850,22.864768981933594,86.12551879882812,0.22027751459525183,195
2015-04,496,2851,22.864768981933594,86.21887969970703,0.1308627323080332,195
2015-04,496,2852,22.864768981933594,86.31224060058594,0.1311164193237439,195
2015-04,496,2853,22.864768981933594,86.40560150146484,0.13823272731059638,195
2015-04,496,2854,22.864768981933594,86.49896240234375,0.1157721812526385,195
2015-04,496,2855,22.864768981933594,86.59232330322266,0.12193704490096141,195
2015-04,496,2856,22.864768981933594,86.68568420410156,0.13729004710912704,195
2015-04,496,2857,22.864768981933594,86.77904510498047,0.14116186696367386,195
2015-04,496,2858,22.864768981933594,86.87240600585938,0.1207985825645618,195
2015-04,496,2859,22.864768981933594,86.96576690673828,0.1667855211175405,195
2015-04,496,2860,22.864768981933594,87.05912780761719,0.16723937227939947,195
2015-04,496,2861,22.864768981933594,87.1524887084961,0.16713029146194458,195
2015-04,496,2862,22.864768981933594,87.245849609375,0.17027438447261467,195
2015-04,496,2863,22.864768981933594,87.3392105102539,0.1734083050336593,195
2015-04,496,2864,22.864768981933594,87.43257904052734,0.16149878123631844,195
2015-04,496,2865,22.864768981933594,87.52593994140625,0.1641635137490737,195
2015-04,496,2866,22.864768981933594,87.61930084228516,0.1598414421845705,195
2015-04,496,2867,22.864768981933594,87.71266174316406,0.15382509732093566,195
2015-04,496,2868,22.864768981933594,87.80602264404297,0.14227458517520855,195
2015-04,496,2869,22.864768981933594,87.89938354492188,0.1302898627252151,195
2015-04,497,2820,22.788312911987305,83.32469177246094,0.11165207335964228,195
2015-04,497,2821,22.788312911987305,83.41805267333984,0.10774879680994229,195
2015-04,497,2822,22.788312911987305,83.51141357421875,0.12071548094734168,195
2015-04,497,2823,22.788312911987305,83.60477447509766,0.11887456663908103,195
2015-04,497,2824,22.788312911987305,83.69813537597656,0.11524195772333024,195
2015-04,497,2825,22.788312911987305,83.79149627685547,0.10879257613649736,195
2015-04,497,2826,22.788312911987305,83.88485717773438,0.0935756511031053,195
2015-04,497,2827,22.788312911987305,83.97821807861328,0.08928026285691139,195
2015-04,497,2828,22.788312911987305,84.07157897949219,0.10699329129778422,195
2015-04,497,2829,22.788312911987305,84.1649398803711,0.09971406627924015,195
2015-04,497,2830,22.788312911987305,84.25830078125,0.09802855694523224,195
2015-04,497,2831,22.788312911987305,84.3516616821289,0.10098930971744732,195
2015-04,497,2832,22.788312911987305,84.44502258300781,0.09979145572735713,195
2015-04,497,2833,22.788312911987305,84.53838348388672,0.101576812316974,195
2015-04,497,2834,22.788312911987305,84.63174438476562,0.10572141242715029,195
2015-04,497,2835,22.788312911987305,84.72510528564453,0.1508744382323363,195
2015-04,497,2836,22.788312911987305,84.81846618652344,0.14924808606887474,195
2015-04,497,2837,22.788312911987305,84.91182708740234,0.14849469321660505,195
2015-04,497,2838,22.788312911987305,85.00518798828125,0.14648209810256957,195
2015-04,497,2839,22.788312911987305,85.09854888916016,0.15030634189263367,195
2015-04,497,2840,22.788312911987305,85.19190979003906,0.14846104566867535,195
2015-04,497,2841,22.788312911987305,85.28527069091797,0.10478647905282486,195
2015-04,497,2842,22.788312911987305,85.37863159179688,0.10669046292702357,195
2015-04,497,2843,22.788312911987305,85.47199249267578,0.11340519067568657,195
2015-04,497,2844,22.788312911987305,85.56535339355469,0.11609042451167718,195
2015-04,497,2845,22.788312911987305,85.6587142944336,0.1654114474088718,195
2015-04,497,2846,22.788312911987305,85.7520751953125,0.16827321373499357,195
2015-04,497,2847,22.788312911987305,85.8454360961914,0.17028721762009155,195
2015-04,497,2848,22.788312911987305,85.93879699707031,0.12452219671163804,195
2015-04,497,2849,22.788312911987305,86.03215789794922,0.21372828582922618,195
2015-04,497,2850,22.788312911987305,86.12551879882812,0.22062588456349494,195
2015-04,497,2851,22.788312911987305,86.21887969970703,0.22104906164682828,195
2015-04,497,2852,22.788312911987305,86.31224060058594,0.143787787319758,195
2015-04,497,2853,22.788312911987305,86.40560150146484,0.141695298655675,195
2015-04,497,2854,22.788312911987305,86.49896240234375,0.11848026408981054,195
2015-04,497,2855,22.788312911987305,86.59232330322266,0.11710345185337923,195
2015-04,497,2856,22.788312911987305,86.68568420410156,0.14780123997957278,195
2015-04,497,2857,22.788312911987305,86.77904510498047,0.1462313841550778,195
2015-04,497,2858,22.788312911987305,86.87240600585938,0.1686345731982818,195
2015-04,497,2859,22.788312911987305,86.96576690673828,0.1719334452198102,195
2015-04,497,2860,22.788312911987305,87.05912780761719,0.16875946059440955,195
2015-04,497,2861,22.788312911987305,87.1524887084961,0.16694327336855425,195
2015-04,497,2862,22.788312911987305,87.245849609375,0.1680622513477619,195
2015-04,497,2863,22.788312911987305,87.3392105102539,0.17437954655824564,195
2015-04,497,2864,22.788312911987305,87.43257904052734,0.16381138758017466,195
2015-04,497,2865,22.788312911987305,87.52593994140625,0.16232322538510346,195
2015-04,497,2866,22.788312911987305,87.61930084228516,0.16253684850839467,195
2015-04,497,2867,22.788312911987305,87.71266174316406,0.153446835737962,195
2015-04,497,2868,22.788312911987305,87.80602264404297,0.14514167247674403,195
2015-04,497,2869,22.788312911987305,87.89938354492188,0.13186386563839056,195
2015-04,498,2820,22.711898803710938,83.32469177246094,0.10694258512976842,195
2015-04,498,2821,22.711898803710938,83.41805267333984,0.09254102701177964,195
2015-04,498,2822,22.711898803710938,83.51141357421875,0.1002299700027857,195
2015-04,498,2823,22.711898803710938,83.60477447509766,0.09381509677339823,195
2015-04,498,2824,22.711898803710938,83.69813537597656,0.11339392264684041,195
2015-04,498,2825,22.711898803710938,83.79149627685547,0.10873130617233423,195
2015-04,498,2826,22.711898803710938,83.88485717773438,0.08863704613386056,195
2015-04,498,2827,22.711898803710938,83.97821807861328,0.08368106973476899,195
2015-04,498,2828,22.711898803710938,84.07157897949219,0.08320765611835015,195
2015-04,498,2829,22.711898803710938,84.1649398803711,0.10121662670221084,195
2015-04,498,2830,22.711898803710938,84.25830078125,0.1012782877836472,195
2015-04,498,2831,22.711898803710938,84.3516616821289,0.10106748172487968,195
2015-04,498,2832,22.711898803710938,84.44502258300781,0.10556467725680424,195
2015-04,498,2833,22.711898803710938,84.53838348388672,0.1051473689193909,195
2015-04,498,2834,22.711898803710938,84.63174438476562,0.09979693327958768,195
2015-04,498,2835,22.711898803710938,84.72510528564453,0.14906075516572365,195
2015-04,498,2836,22.711898803710938,84.81846618652344,0.14790938175641574,195
2015-04,498,2837,22.711898803710938,84.91182708740234,0.14688946864543817,195
2015-04,498,2838,22.711898803710938,85.00518798828125,0.14448515299039008,195
2015-04,498,2839,22.711898803710938,85.09854888916016,0.10296051071431392,195
2015-04,498,2840,22.711898803710938,85.19190979003906,0.1034053630171678,195
2015-04,498,2841,22.711898803710938,85.28527069091797,0.1228014746728616,195
2015-04,498,2842,22.711898803710938,85.37863159179688,0.1122781532124067,195
2015-04,498,2843,22.711898803710938,85.47199249267578,0.11149377301335335,195
2015-04,498,2844,22.711898803710938,85.56535339355469,0.1652757614850998,195
2015-04,498,2845,22.711898803710938,85.6587142944336,0.16914898993877264,195
2015-04,498,2846,22.711898803710938,85.7520751953125,0.17083888141772685,195
2015-04,498,2847,22.711898803710938,85.8454360961914,0.17204909913050823,195
2015-04,498,2848,22.711898803710938,85.93879699707031,0.21198674937089285,195
2015-04,498,2849,22.711898803710938,86.03215789794922,0.21823236728325868,195
2015-04,498,2850,22.711898803710938,86.12551879882812,0.22247603222345694,195
2015-04,498,2851,22.711898803710938,86.21887969970703,0.22801239024370146,195
2015-04,498,2852,22.711898803710938,86.31224060058594,0.23540734702195876,195
2015-04,498,2853,22.711898803710938,86.40560150146484,0.24166986735967488,195
2015-04,498,2854,22.711898803710938,86.49896240234375,0.1451969168507136,195
2015-04,498,2855,22.711898803710938,86.59232330322266,0.16117466867734223,195
2015-04,498,2856,22.711898803710938,86.68568420410156,0.1487738117384605,195
2015-04,498,2857,22.711898803710938,86.77904510498047,0.15835507919008915,195
2015-04,498,2858,22.711898803710938,86.87240600585938,0.17639918411389374,195
2015-04,498,2859,22.711898803710938,86.96576690673828,0.17458315342664718,195
2015-04,498,2860,22.711898803710938,87.05912780761719,0.1704329191874235,195
2015-04,498,2861,22.711898803710938,87.1524887084961,0.16690101814575684,195
2015-04,498,2862,22.711898803710938,87.245849609375,0.16976231500888483,195
2015-04,498,2863,22.711898803710938,87.3392105102539,0.17222281446059545,195
2015-04,498,2864,22.711898803710938,87.43257904052734,0.17432884046664604,195
2015-04,498,2865,22.711898803710938,87.52593994140625,0.17471289241161103,195
2015-04,498,2866,22.711898803710938,87.61930084228516,0.18206512473332576,195
2015-04,498,2867,22.711898803710938,87.71266174316406,0.15052121724837866,195
2015-04,498,2868,22.711898803710938,87.80602264404297,0.1394381719139906,195
2015-04,498,2869,22.711898803710938,87.89938354492188,0.13000010242446874,195
2015-04,499,2820,22.63552474975586,83.32469177246094,0.08879456392083412,195
2015-04,499,2821,22.63552474975586,83.41805267333984,0.1443860102349367,195
2015-04,499,2822,22.63552474975586,83.51141357421875,0.14589295257360507,195
2015-04,499,2823,22.63552474975586,83.60477447509766,0.0979517152485175,195
2015-04,499,2824,22.63552474975586,83.69813537597656,0.09577549906113209,195
2015-04,499,2825,22.63552474975586,83.79149627685547,0.11581960056836789,195
2015-04,499,2826,22.63552474975586,83.88485717773438,0.09408787689529932,195
2015-04,499,2827,22.63552474975586,83.97821807861328,0.08280513704969333,195
2015-04,499,2828,22.63552474975586,84.07157897949219,0.07808234617114067,195
2015-04,499,2829,22.63552474975586,84.1649398803711,0.07837343705006135,195
2015-04,499,2830,22.63552474975586,84.25830078125,0.08344538024602792,195
2015-04,499,2831,22.63552474975586,84.3516616821289,0.08328582806847035,195
2015-04,499,2832,22.63552474975586,84.44502258300781,0.08357777956586618,195
2015-04,499,2833,22.63552474975586,84.53838348388672,0.08440582320476189,195
2015-04,499,2834,22.63552474975586,84.63174438476562,0.07680984151860078,195
2015-04,499,2835,22.63552474975586,84.72510528564453,0.07915155700384043,195
2015-04,499,2836,22.63552474975586,84.81846618652344,0.08191257619704956,195
2015-04,499,2837,22.63552474975586,84.91182708740234,0.08278713946541151,195
2015-04,499,2838,22.63552474975586,85.00518798828125,0.10036385616239829,195
2015-04,499,2839,22.63552474975586,85.09854888916016,0.10278476075484203,195
2015-04,499,2840,22.63552474975586,85.19190979003906,0.10399067453466929,195
2015-04,499,2841,22.63552474975586,85.28527069091797,0.10541741036069699,195
2015-04,499,2842,22.63552474975586,85.37863159179688,0.10907286854508595,195
2015-04,499,2843,22.63552474975586,85.47199249267578,0.15961201198590108,195
2015-04,499,2844,22.63552474975586,85.56535339355469,0.1660216423945549,195
2015-04,499,2845,22.63552474975586,85.6587142944336,0.16629184025984545,195
2015-04,499,2846,22.63552474975586,85.7520751953125,0.2098148369636291,195
2015-04,499,2847,22.63552474975586,85.8454360961914,0.21323139713360714,195
2015-04,499,2848,22.63552474975586,85.93879699707031,0.21000279379196657,195
2015-04,499,2849,22.63552474975586,86.03215789794922,0.21684045279637362,195
2015-04,499,2850,22.63552474975586,86.12551879882812,0.22278934571987544,195
2015-04,499,2851,22.63552474975586,86.21887969970703,0.23032797009516984,195
2015-04,499,2852,22.63552474975586,86.31224060058594,0.232841679530266,195
2015-04,499,2853,22.63552474975586,86.40560150146484,0.2372941160813356,195
2015-04,499,2854,22.63552474975586,86.49896240234375,0.2412404301074835,195
2015-04,499,2855,22.63552474975586,86.59232330322266,0.18009994939351692,195
2015-04,499,2856,22.63552474975586,86.68568420410156,0.15557054596451614,195
2015-04,499,2857,22.63552474975586,86.77904510498047,0.18019431909689537,195
2015-04,499,2858,22.63552474975586,86.87240600585938,0.17442806164423624,195
2015-04,499,2859,22.63552474975586,86.96576690673828,0.17766730682207987,195
2015-04,499,2860,22.63552474975586,87.05912780761719,0.16773649557278705,195
2015-04,499,2861,22.63552474975586,87.1524887084961,0.16753061921932758,195
2015-04,499,2862,22.63552474975586,87.245849609375,0.1698316446481607,195
2015-04,499,2863,22.63552474975586,87.3392105102539,0.17215379782212087,195
2015-04,499,2864,22.63552474975586,87.43257904052734,0.17260154543014672,195
2015-04,499,2865,22.63552474975586,87.52593994140625,0.17122778506615224,195
2015-04,499,2866,22.63552474975586,87.61930084228516,0.17533623362198855,195
2015-04,499,2867,22.63552474975586,87.71266174316406,0.16928702363601097,195
2015-04,499,2868,22.63552474975586,87.80602264404297,0.12902361821287717,195
2015-04,499,2869,22.63552474975586,87.89938354492188,0.12832695671763175,195
2015-04,500,2820,22.559194564819336,83.32469177246094,0.1360532246147975,195
2015-04,500,2821,22.559194564819336,83.41805267333984,0.1428541059486377,195
2015-04,500,2822,22.559194564819336,83.51141357421875,0.14289417003209776,195
2015-04,500,2823,22.559194564819336,83.60477447509766,0.14164811386129794,195
2015-04,500,2824,22.559194564819336,83.69813537597656,0.09299996453217971,195
2015-04,500,2825,22.559194564819336,83.79149627685547,0.0922541617965087,195
2015-04,500,2826,22.559194564819336,83.88485717773438,0.09087140239202059,195
2015-04,500,2827,22.559194564819336,83.97821807861328,0.08787708037938827,195
2015-04,500,2828,22.559194564819336,84.07157897949219,0.07972473964477196,195
2015-04,500,2829,22.559194564819336,84.1649398803711,0.08049065264371726,195
2015-04,500,2830,22.559194564819336,84.25830078125,0.08255583193057622,195
2015-04,500,2831,22.559194564819336,84.3516616821289,0.08346838572850594,195
2015-04,500,2832,22.559194564819336,84.44502258300781,0.08220472328173808,195
2015-04,500,2833,22.559194564819336,84.53838348388672,0.08185337984409087,195
2015-04,500,2834,22.559194564819336,84.63174438476562,0.07711126126157931,195
2015-04,500,2835,22.559194564819336,84.72510528564453,0.07711646493810874,195
2015-04,500,2836,22.559194564819336,84.81846618652344,0.0789282700763299,195
2015-04,500,2837,22.559194564819336,84.91182708740234,0.07817640298834214,195
2015-04,500,2838,22.559194564819336,85.00518798828125,0.07909881629240818,195
2015-04,500,2839,22.559194564819336,85.09854888916016,0.10317358600023466,195
2015-04,500,2840,22.559194564819336,85.19190979003906,0.10495534298511652,195
2015-04,500,2841,22.559194564819336,85.28527069091797,0.10564269272562785,195
2015-04,500,2842,22.559194564819336,85.37863159179688,0.10982923496227998,195
2015-04,500,2843,22.559194564819336,85.47199249267578,0.16261478524941664,195
2015-04,500,2844,22.559194564819336,85.56535339355469,0.20925534787850503,195
2015-04,500,2845,22.559194564819336,85.6587142944336,0.11995547578120842,195
2015-04,500,2846,22.559194564819336,85.7520751953125,0.12832766022437658,195
2015-04,500,2847,22.559194564819336,85.8454360961914,0.2089033786685039,195
2015-04,500,2848,22.559194564819336,85.93879699707031,0.20731302148256547,195
2015-04,500,2849,22.559194564819336,86.03215789794922,0.2154202117369725,195
2015-04,500,2850,22.559194564819336,86.12551879882812,0.22151136360107324,195
2015-04,500,2851,22.559194564819336,86.21887969970703,0.2283576298982669,195
2015-04,500,2852,22.559194564819336,86.31224060058594,0.1393193876896149,195
2015-04,500,2853,22.559194564819336,86.40560150146484,0.14103619708464696,195
2015-04,500,2854,22.559194564819336,86.49896240234375,0.18053940244210073,195
2015-04,500,2855,22.559194564819336,86.59232330322266,0.17802710147240222,195
2015-04,500,2856,22.559194564819336,86.68568420410156,0.17598414547168292,195
2015-04,500,2857,22.559194564819336,86.77904510498047,0.17996316800514858,195
2015-04,500,2858,22.559194564819336,86.87240600585938,0.17556112462129347,195
2015-04,500,2859,22.559194564819336,86.96576690673828,0.17257337528161512,195
2015-04,500,2860,22.559194564819336,87.05912780761719,0.17207601704658607,195
2015-04,500,2861,22.559194564819336,87.1524887084961,0.16500321601827939,195
2015-04,500,2862,22.559194564819336,87.245849609375,0.16857463346842008,195
2015-04,500,2863,22.559194564819336,87.3392105102539,0.16965479931006064,195
2015-04,500,2864,22.559194564819336,87.43257904052734,0.16804613188291206,195
2015-04,500,2865,22.559194564819336,87.52593994140625,0.1636157620411653,195
2015-04,500,2866,22.559194564819336,87.61930084228516,0.17042806801887658,195
2015-04,500,2867,22.559194564819336,87.71266174316406,0.1440767655769984,195
2015-04,500,2868,22.559194564819336,87.80602264404297,0.13802262590481684,195
2015-04,500,2869,22.559194564819336,87.89938354492188,0.12836459500667377,195
2015-04,501,2820,22.4829044342041,83.32469177246094,0.1319346034182952,195
2015-04,501,2821,22.4829044342041,83.41805267333984,0.13695944003187693,195
2015-04,501,2822,22.4829044342041,83.51141357421875,0.1416934988819636,195
2015-04,501,2823,22.4829044342041,83.60477447509766,0.13884409612570053,195
2015-04,501,2824,22.4829044342041,83.69813537597656,0.0831656358180902,195
2015-04,501,2825,22.4829044342041,83.79149627685547,0.08333418676868463,195
2015-04,501,2826,22.4829044342041,83.88485717773438,0.08358075311168646,195
2015-04,501,2827,22.4829044342041,83.97821807861328,0.08409297886567238,195
2015-04,501,2828,22.4829044342041,84.07157897949219,0.08090044898100389,195
2015-04,501,2829,22.4829044342041,84.1649398803711,0.07775839038002186,195
2015-04,501,2830,22.4829044342041,84.25830078125,0.08003320185801922,195
2015-04,501,2831,22.4829044342041,84.3516616821289,0.07908027095672412,195
2015-04,501,2832,22.4829044342041,84.44502258300781,0.07939906227282989,195
2015-04,501,2833,22.4829044342041,84.53838348388672,0.07964852385413952,195
2015-04,501,2834,22.4829044342041,84.63174438476562,0.07546045585320546,195
2015-04,501,2835,22.4829044342041,84.72510528564453,0.07324159323978119,195
2015-04,501,2836,22.4829044342041,84.81846618652344,0.0753054031672386,195
2015-04,501,2837,22.4829044342041,84.91182708740234,0.07915922550436778,195
2015-04,501,2838,22.4829044342041,85.00518798828125,0.0822047624259423,195
2015-04,501,2839,22.4829044342041,85.09854888916016,0.10485103541077712,195
2015-04,501,2840,22.4829044342041,85.19190979003906,0.10776914199575399,195
2015-04,501,2841,22.4829044342041,85.28527069091797,0.10667661262246278,195
2015-04,501,2842,22.4829044342041,85.37863159179688,0.10896190972282337,195
2015-04,501,2843,22.4829044342041,85.47199249267578,0.19912116397649815,195
2015-04,501,2844,22.4829044342041,85.56535339355469,0.2101879336895087,195
2015-04,501,2845,22.4829044342041,85.6587142944336,0.12048166912908738,195
2015-04,501,2846,22.4829044342041,85.7520751953125,0.20900009595430813,195
2015-04,501,2847,22.4829044342041,85.8454360961914,0.20767766760709958,195
2015-04,501,2848,22.4829044342041,85.93879699707031,0.20524502515028684,195
2015-04,501,2849,22.4829044342041,86.03215789794922,0.1335848218546464,195
2015-04,501,2850,22.4829044342041,86.12551879882812,0.1345365790793529,195
2015-04,501,2851,22.4829044342041,86.21887969970703,0.1361353086737486,195
2015-04,501,2852,22.4829044342041,86.31224060058594,0.13185337961484225,195
2015-04,501,2853,22.4829044342041,86.40560150146484,0.145956882643394,195
2015-04,501,2854,22.4829044342041,86.49896240234375,0.16945025359208768,195
2015-04,501,2855,22.4829044342041,86.59232330322266,0.1748737749763024,195
2015-04,501,2856,22.4829044342041,86.68568420410156,0.178273276755443,195
2015-04,501,2857,22.4829044342041,86.77904510498047,0.17496689279110003,195
2015-04,501,2858,22.4829044342041,86.87240600585938,0.1708006955874272,195
2015-04,501,2859,22.4829044342041,86.96576690673828,0.1686225229348892,195
2015-04,501,2860,22.4829044342041,87.05912780761719,0.16981912480714995,195
2015-04,501,2861,22.4829044342041,87.1524887084961,0.16555253252004964,195
2015-04,501,2862,22.4829044342041,87.245849609375,0.1675512773104203,195
2015-04,501,2863,22.4829044342041,87.3392105102539,0.17135627170403797,195
2015-04,501,2864,22.4829044342041,87.43257904052734,0.1677010484230824,195
2015-04,501,2865,22.4829044342041,87.52593994140625,0.1716652036477358,195
2015-04,501,2866,22.4829044342041,87.61930084228516,0.16719727367162704,195
2015-04,501,2867,22.4829044342041,87.71266174316406,0.14108549524576236,195
2015-04,501,2868,22.4829044342041,87.80602264404297,0.13418578379429302,195
2015-04,501,2869,22.4829044342041,87.89938354492188,0.12844135843408414,195
2015-04,502,2820,22.406654357910156,83.32469177246094,0.13036607819107862,195
2015-04,502,2821,22.406654357910156,83.41805267333984,0.08076977114646863,195
2015-04,502,2822,22.406654357910156,83.51141357421875,0.08102901400281833,195
2015-04,502,2823,22.406654357910156,83.60477447509766,0.13458055567282898,195
2015-04,502,2824,22.406654357910156,83.69813537597656,0.08282016112636297,195
2015-04,502,2825,22.406654357910156,83.79149627685547,0.08407365108529727,195
2015-04,502,2826,22.406654357910156,83.88485717773438,0.08603037553719985,195
2015-04,502,2827,22.406654357910156,83.97821807861328,0.0829452049273711,195
2015-04,502,2828,22.406654357910156,84.07157897949219,0.07925825111376933,195
2015-04,502,2829,22.406654357910156,84.1649398803711,0.07728536798594854,195
2015-04,502,2830,22.406654357910156,84.25830078125,0.08215785133532989,195
2015-04,502,2831,22.406654357910156,84.3516616821289,0.0800935719639827,195
2015-04,502,2832,22.406654357910156,84.44502258300781,0.0793804387920178,195
2015-04,502,2833,22.406654357910156,84.53838348388672,0.07820159951463723,195
2015-04,502,2834,22.406654357910156,84.63174438476562,0.07922292112922057,195
2015-04,502,2835,22.406654357910156,84.72510528564453,0.07629624627148494,195
2015-04,502,2836,22.406654357910156,84.81846618652344,0.07834874900678794,195
2015-04,502,2837,22.406654357910156,84.91182708740234,0.08112436183370077,195
2015-04,502,2838,22.406654357910156,85.00518798828125,0.08226004616381266,195
2015-04,502,2839,22.406654357910156,85.09854888916016,0.1025885090805017,195
2015-04,502,2840,22.406654357910156,85.19190979003906,0.10789676790054027,195
2015-04,502,2841,22.406654357910156,85.28527069091797,0.10585248135985473,195
2015-04,502,2842,22.406654357910156,85.37863159179688,0.11073392458642141,195
2015-04,502,2843,22.406654357910156,85.47199249267578,0.1974805704294107,195
2015-04,502,2844,22.406654357910156,85.56535339355469,0.19906451125175526,195
2015-04,502,2845,22.406654357910156,85.6587142944336,0.20502842859579967,195
2015-04,502,2846,22.406654357910156,85.7520751953125,0.20799771100282669,195
2015-04,502,2847,22.406654357910156,85.8454360961914,0.20893060981463163,195
2015-04,502,2848,22.406654357910156,85.93879699707031,0.20622956928534386,195
2015-04,502,2849,22.406654357910156,86.03215789794922,0.21108655925744618,195
2015-04,502,2850,22.406654357910156,86.12551879882812,0.21862706129367535,195
2015-04,502,2851,22.406654357910156,86.21887969970703,0.1297872614210997,195
2015-04,502,2852,22.406654357910156,86.31224060058594,0.13239917491491024,195
2015-04,502,2853,22.406654357910156,86.40560150146484,0.14352643149785507,195
2015-04,502,2854,22.406654357910156,86.49896240234375,0.14062882654177836,195
2015-04,502,2855,22.406654357910156,86.59232330322266,0.16537357461758148,195
2015-04,502,2856,22.406654357910156,86.68568420410156,0.17128991583983103,195
2015-04,502,2857,22.406654357910156,86.77904510498047,0.17378562772885348,195
2015-04,502,2858,22.406654357910156,86.87240600585938,0.16792656576786286,195
2015-04,502,2859,22.406654357910156,86.96576690673828,0.16635021542509396,195
2015-04,502,2860,22.406654357910156,87.05912780761719,0.16496057009849793,195
2015-04,502,2861,22.406654357910156,87.1524887084961,0.1657283610258347,195
2015-04,502,2862,22.406654357910156,87.245849609375,0.16444224073336675,195
2015-04,502,2863,22.406654357910156,87.3392105102539,0.16398338152047914,195
2015-04,502,2864,22.406654357910156,87.43257904052734,0.17090633312861125,195
2015-04,502,2865,22.406654357910156,87.52593994140625,0.16428214078530287,195
2015-04,502,2866,22.406654357910156,87.61930084228516,0.16398072105187636,195
2015-04,502,2867,22.406654357910156,87.71266174316406,0.13992645335503115,195
2015-04,502,2868,22.406654357910156,87.80602264404297,0.2228303489012596,195
2015-04,502,2869,22.406654357910156,87.89938354492188,0.22548052676213093,195
2015-04,503,2820,22.330446243286133,83.32469177246094,0.1312296473636077,195
2015-04,503,2821,22.330446243286133,83.41805267333984,0.08113754697335072,195
2015-04,503,2822,22.330446243286133,83.51141357421875,0.08114701524758951,195
2015-04,503,2823,22.330446243286133,83.60477447509766,0.08296234170213723,195
2015-04,503,2824,22.330446243286133,83.69813537597656,0.07942480677977587,195
2015-04,503,2825,22.330446243286133,83.79149627685547,0.08292196465608401,195
2015-04,503,2826,22.330446243286133,83.88485717773438,0.08287642302039341,195
2015-04,503,2827,22.330446243286133,83.97821807861328,0.08601026521661342,195
2015-04,503,2828,22.330446243286133,84.07157897949219,0.08765328459632703,195
2015-04,503,2829,22.330446243286133,84.1649398803711,0.0820956425024913,195
2015-04,503,2830,22.330446243286133,84.25830078125,0.07953764338714954,195
2015-04,503,2831,22.330446243286133,84.3516616821289,0.0778098398580765,195
2015-04,503,2832,22.330446243286133,84.44502258300781,0.08091578596295454,195
2015-04,503,2833,22.330446243286133,84.53838348388672,0.08168897621142558,195
2015-04,503,2834,22.330446243286133,84.63174438476562,0.07660924705366294,195
2015-04,503,2835,22.330446243286133,84.72510528564453,0.07464665385584036,195
2015-04,503,2836,22.330446243286133,84.81846618652344,0.076277270521491,195
2015-04,503,2837,22.330446243286133,84.91182708740234,0.07922554242496307,195
2015-04,503,2838,22.330446243286133,85.00518798828125,0.0824206155939744,195
2015-04,503,2839,22.330446243286133,85.09854888916016,0.08362261694020186,195
2015-04,503,2840,22.330446243286133,85.19190979003906,0.10378628483949563,195
2015-04,503,2841,22.330446243286133,85.28527069091797,0.10375615847416413,195
2015-04,503,2842,22.330446243286133,85.37863159179688,0.10885228112531015,195
2015-04,503,2843,22.330446243286133,85.47199249267578,0.1540086717559741,195
2015-04,503,2844,22.330446243286133,85.56535339355469,0.15535340150579427,195
2015-04,503,2845,22.330446243286133,85.6587142944336,0.15485619956102126,195
2015-04,503,2846,22.330446243286133,85.7520751953125,0.1594437742844606,195
2015-04,503,2847,22.330446243286133,85.8454360961914,0.1568202797610026,195
2015-04,503,2848,22.330446243286133,85.93879699707031,0.2031468242406845,195
2015-04,503,2849,22.330446243286133,86.03215789794922,0.2087482866950524,195
2015-04,503,2850,22.330446243286133,86.12551879882812,0.2167474913291442,195
2015-04,503,2851,22.330446243286133,86.21887969970703,0.22075014542310667,195
2015-04,503,2852,22.330446243286133,86.31224060058594,0.12683057769750938,195
2015-04,503,2853,22.330446243286133,86.40560150146484,0.13418922642102607,195
2015-04,503,2854,22.330446243286133,86.49896240234375,0.14480519627149288,195
2015-04,503,2855,22.330446243286133,86.59232330322266,0.16675969874247526,195
2015-04,503,2856,22.330446243286133,86.68568420410156,0.16983649658086972,195
2015-04,503,2857,22.330446243286133,86.77904510498047,0.16717614630858105,195
2015-04,503,2858,22.330446243286133,86.87240600585938,0.16626625305567033,195
2015-04,503,2859,22.330446243286133,86.96576690673828,0.16617086596595934,195
2015-04,503,2860,22.330446243286133,87.05912780761719,0.16650945460185027,195
2015-04,503,2861,22.330446243286133,87.1524887084961,0.16641305035505538,195
2015-04,503,2862,22.330446243286133,87.245849609375,0.1656519889831543,195
2015-04,503,2863,22.330446243286133,87.3392105102539,0.1611860935886701,195
2015-04,503,2864,22.330446243286133,87.43257904052734,0.16780120887053318,195
2015-04,503,2865,22.330446243286133,87.52593994140625,0.16316300668777564,195
2015-04,503,2866,22.330446243286133,87.61930084228516,0.16205905286165384,195
2015-04,503,2867,22.330446243286133,87.71266174316406,0.2255018108930343,195
2015-04,503,2868,22.330446243286133,87.80602264404297,0.22415747229869548,195
2015-04,503,2869,22.330446243286133,87.89938354492188,0.22407734432281592,195
2015-04,504,2820,22.2542781829834,83.32469177246094,0.1295126031797666,195
2015-04,504,2821,22.2542781829834,83.41805267333984,0.08224517863530378,195
2015-04,504,2822,22.2542781829834,83.51141357421875,0.07732230203273968,195
2015-04,504,2823,22.2542781829834,83.60477447509766,0.07355764585618789,195
2015-04,504,2824,22.2542781829834,83.69813537597656,0.07487987865431187,195
2015-04,504,2825,22.2542781829834,83.79149627685547,0.07640963094547773,195
2015-04,504,2826,22.2542781829834,83.88485717773438,0.08089591048848935,195
2015-04,504,2827,22.2542781829834,83.97821807861328,0.08062778617709111,195
2015-04,504,2828,22.2542781829834,84.07157897949219,0.08570790642347091,195
2015-04,504,2829,22.2542781829834,84.1649398803711,0.08209153439563055,195
2015-04,504,2830,22.2542781829834,84.25830078125,0.08614047353084271,195
2015-04,504,2831,22.2542781829834,84.3516616821289,0.08793310735088128,195
2015-04,504,2832,22.2542781829834,84.44502258300781,0.08681968540335312,195
2015-04,504,2833,22.2542781829834,84.53838348388672,0.08323371345416093,195
2015-04,504,2834,22.2542781829834,84.63174438476562,0.07638032614038541,195
2015-04,504,2835,22.2542781829834,84.72510528564453,0.07482827255168022,195
2015-04,504,2836,22.2542781829834,84.81846618652344,0.07532273555795352,195
2015-04,504,2837,22.2542781829834,84.91182708740234,0.07787138360242049,195
2015-04,504,2838,22.2542781829834,85.00518798828125,0.08067340595790973,195
2015-04,504,2839,22.2542781829834,85.09854888916016,0.0977887982932421,195
2015-04,504,2840,22.2542781829834,85.19190979003906,0.10487631001533607,195
2015-04,504,2841,22.2542781829834,85.28527069091797,0.10172079257093943,195
2015-04,504,2842,22.2542781829834,85.37863159179688,0.10616802528309516,195
2015-04,504,2843,22.2542781829834,85.47199249267578,0.15477090695729623,195
2015-04,504,2844,22.2542781829834,85.56535339355469,0.1585876387090255,195
2015-04,504,2845,22.2542781829834,85.6587142944336,0.15994230619607827,195
2015-04,504,2846,22.2542781829834,85.7520751953125,0.16023449253959535,195
2015-04,504,2847,22.2542781829834,85.8454360961914,0.15655188145927892,195
2015-04,504,2848,22.2542781829834,85.93879699707031,0.11459967977343462,195
2015-04,504,2849,22.2542781829834,86.03215789794922,0.12036961496640475,195
2015-04,504,2850,22.2542781829834,86.12551879882812,0.21179081079287407,195
2015-04,504,2851,22.2542781829834,86.21887969970703,0.21972225086811262,195
2015-04,504,2852,22.2542781829834,86.31224060058594,0.1257044008336006,195
2015-04,504,2853,22.2542781829834,86.40560150146484,0.12843736732999483,195
2015-04,504,2854,22.2542781829834,86.49896240234375,0.13998467096915612,195
2015-04,504,2855,22.2542781829834,86.59232330322266,0.16532552891816849,195
2015-04,504,2856,22.2542781829834,86.68568420410156,0.1673839788024242,195
2015-04,504,2857,22.2542781829834,86.77904510498047,0.16302606868438232,195
2015-04,504,2858,22.2542781829834,86.87240600585938,0.16058700994039193,195
2015-04,504,2859,22.2542781829834,86.96576690673828,0.16297817956178617,195
2015-04,504,2860,22.2542781829834,87.05912780761719,0.1625980401650453,195
2015-04,504,2861,22.2542781829834,87.1524887084961,0.1648107994443331,195
2015-04,504,2862,22.2542781829834,87.245849609375,0.16324782998133927,195
2015-04,504,2863,22.2542781829834,87.3392105102539,0.1613482280419423,195
2015-04,504,2864,22.2542781829834,87.43257904052734,0.168756487316046,195
2015-04,504,2865,22.2542781829834,87.52593994140625,0.16009606841282967,195
2015-04,504,2866,22.2542781829834,87.61930084228516,0.16134869765776855,195
2015-04,504,2867,22.2542781829834,87.71266174316406,0.16282543520896864,195
2015-04,504,2868,22.2542781829834,87.80602264404297,0.22584673777604714,195
2015-04,504,2869,22.2542781829834,87.89938354492188,0.22487017542887958,195
2015-04,505,2820,22.178152084350586,83.32469177246094,0.0827445714519574,195
2015-04,505,2821,22.178152084350586,83.41805267333984,0.08273330342311125,195
2015-04,505,2822,22.178152084350586,83.51141357421875,0.07844214072594276,195
2015-04,505,2823,22.178152084350586,83.60477447509766,0.07443596522968549,195
2015-04,505,2824,22.178152084350586,83.69813537597656,0.0723078337044288,195
2015-04,505,2825,22.178152084350586,83.79149627685547,0.07491380005883864,195
2015-04,505,2826,22.178152084350586,83.88485717773438,0.07439985276223757,195
2015-04,505,2827,22.178152084350586,83.97821807861328,0.07926341575116683,195
2015-04,505,2828,22.178152084350586,84.07157897949219,0.08584132305322549,195
2015-04,505,2829,22.178152084350586,84.1649398803711,0.08320663891350612,195
2015-04,505,2830,22.178152084350586,84.25830078125,0.08505361744035513,195
2015-04,505,2831,22.178152084350586,84.3516616821289,0.0878265306353569,195
2015-04,505,2832,22.178152084350586,84.44502258300781,0.08673940071692833,195
2015-04,505,2833,22.178152084350586,84.53838348388672,0.08275067504399862,195
2015-04,505,2834,22.178152084350586,84.63174438476562,0.07676535633703073,195
2015-04,505,2835,22.178152084350586,84.72510528564453,0.09637020058356799,195
2015-04,505,2836,22.178152084350586,84.81846618652344,0.07797897780934969,195
2015-04,505,2837,22.178152084350586,84.91182708740234,0.07984810109512928,195
2015-04,505,2838,22.178152084350586,85.00518798828125,0.09707378717378164,195
2015-04,505,2839,22.178152084350586,85.09854888916016,0.10482920358578364,195
2015-04,505,2840,22.178152084350586,85.19190979003906,0.1058482557726212,195
2015-04,505,2841,22.178152084350586,85.28527069091797,0.10344057526343908,195
2015-04,505,2842,22.178152084350586,85.37863159179688,0.1093368843388863,195
2015-04,505,2843,22.178152084350586,85.47199249267578,0.15544667572547227,195
2015-04,505,2844,22.178152084350586,85.56535339355469,0.15572962835431098,195
2015-04,505,2845,22.178152084350586,85.6587142944336,0.15645125175897892,195
2015-04,505,2846,22.178152084350586,85.7520751953125,0.15853779333142135,195
2015-04,505,2847,22.178152084350586,85.8454360961914,0.15783275902653351,195
2015-04,505,2848,22.178152084350586,85.93879699707031,0.1169327878799194,195
2015-04,505,2849,22.178152084350586,86.03215789794922,0.11727630629753455,195
2015-04,505,2850,22.178152084350586,86.12551879882812,0.21290509356902196,195
2015-04,505,2851,22.178152084350586,86.21887969970703,0.1296327173518829,195
2015-04,505,2852,22.178152084350586,86.31224060058594,0.13622216645341653,195
2015-04,505,2853,22.178152084350586,86.40560150146484,0.18500701934099198,195
2015-04,505,2854,22.178152084350586,86.49896240234375,0.13749279339726156,195
2015-04,505,2855,22.178152084350586,86.59232330322266,0.16396710536418818,195
2015-04,505,2856,22.178152084350586,86.68568420410156,0.1670719168889217,195
2015-04,505,2857,22.178152084350586,86.77904510498047,0.16624011733593086,195
2015-04,505,2858,22.178152084350586,86.87240600585938,0.163405268964095,195
2015-04,505,2859,22.178152084350586,86.96576690673828,0.16588032287664903,195
2015-04,505,2860,22.178152084350586,87.05912780761719,0.16414692447735713,195
2015-04,505,2861,22.178152084350586,87.1524887084961,0.16082316908316735,195
2015-04,505,2862,22.178152084350586,87.245849609375,0.1651161314967351,195
2015-04,505,2863,22.178152084350586,87.3392105102539,0.16182117209984706,195
2015-04,505,2864,22.178152084350586,87.43257904052734,0.15544706735855493,195
2015-04,505,2865,22.178152084350586,87.52593994140625,0.16107685638543887,195
2015-04,505,2866,22.178152084350586,87.61930084228516,0.16223276830636538,195
2015-04,505,2867,22.178152084350586,87.71266174316406,0.16345769686576647,195
2015-04,505,2868,22.178152084350586,87.80602264404297,0.21321277373876327,195
2015-04,505,2869,22.178152084350586,87.89938354492188,0.2157039470397509,195
2015-04,506,2820,22.10206413269043,83.32469177246094,0.07796023684816483,195
2015-04,506,2821,22.10206413269043,83.41805267333984,0.08100780823673957,195
2015-04,506,2822,22.10206413269043,83.51141357421875,0.08265826148100389,195
2015-04,506,2823,22.10206413269043,83.60477447509766,0.07299064488556141,195
2015-04,506,2824,22.10206413269043,83.69813537597656,0.06809519495910558,195
2015-04,506,2825,22.10206413269043,83.79149627685547,0.07296685686287208,195
2015-04,506,2826,22.10206413269043,83.88485717773438,0.08087212242759191,195
2015-04,506,2827,22.10206413269043,83.97821807861328,0.08319951817393303,195
2015-04,506,2828,22.10206413269043,84.07157897949219,0.08546853909889857,195
2015-04,506,2829,22.10206413269043,84.1649398803711,0.0825030523328445,195
2015-04,506,2830,22.10206413269043,84.25830078125,0.08777645058356799,195
2015-04,506,2831,22.10206413269043,84.3516616821289,0.08681960721046497,195
2015-04,506,2832,22.10206413269043,84.44502258300781,0.08282501274385513,195
2015-04,506,2833,22.10206413269043,84.53838348388672,0.10289720606345397,195
2015-04,506,2834,22.10206413269043,84.63174438476562,0.10158408956649975,195
2015-04,506,2835,22.10206413269043,84.72510528564453,0.10041546196891711,195
2015-04,506,2836,22.10206413269043,84.81846618652344,0.08254170783628256,195
2015-04,506,2837,22.10206413269043,84.91182708740234,0.1033460493080127,195
2015-04,506,2838,22.10206413269043,85.00518798828125,0.10180960663427145,195
2015-04,506,2839,22.10206413269043,85.09854888916016,0.10240587304608945,195
2015-04,506,2840,22.10206413269043,85.19190979003906,0.12422124628837292,195
2015-04,506,2841,22.10206413269043,85.28527069091797,0.10746662632012978,195
2015-04,506,2842,22.10206413269043,85.37863159179688,0.11551262489878214,195
2015-04,506,2843,22.10206413269043,85.47199249267578,0.15680869873135517,195
2015-04,506,2844,22.10206413269043,85.56535339355469,0.1573412695565285,195
2015-04,506,2845,22.10206413269043,85.6587142944336,0.16003143325065955,195
2015-04,506,2846,22.10206413269043,85.7520751953125,0.15932577282954485,195
2015-04,506,2847,22.10206413269043,85.8454360961914,0.15737499535465851,195
2015-04,506,2848,22.10206413269043,85.93879699707031,0.15439194116072777,195
2015-04,506,2849,22.10206413269043,86.03215789794922,0.12090969784901692,195
2015-04,506,2850,22.10206413269043,86.12551879882812,0.12218650657779132,195
2015-04,506,2851,22.10206413269043,86.21887969970703,0.174558426401554,195
2015-04,506,2852,22.10206413269043,86.31224060058594,0.17796841366932942,195
2015-04,506,2853,22.10206413269043,86.40560150146484,0.13106101808639672,195
2015-04,506,2854,22.10206413269043,86.49896240234375,0.14115177280245683,195
2015-04,506,2855,22.10206413269043,86.59232330322266,0.16449779826097,195
2015-04,506,2856,22.10206413269043,86.68568420410156,0.16861454133804027,195
2015-04,506,2857,22.10206413269043,86.77904510498047,0.16588047945346587,195
2015-04,506,2858,22.10206413269043,86.87240600585938,0.16445256972160094,195
2015-04,506,2859,22.10206413269043,86.96576690673828,0.16248113421293406,195
2015-04,506,2860,22.10206413269043,87.05912780761719,0.16049686582424702,195
2015-04,506,2861,22.10206413269043,87.1524887084961,0.16083913204761652,195
2015-04,506,2862,22.10206413269043,87.245849609375,0.1611790508413926,195
2015-04,506,2863,22.10206413269043,87.3392105102539,0.1603624320565126,195
2015-04,506,2864,22.10206413269043,87.43257904052734,0.1503032121902857,195
2015-04,506,2865,22.10206413269043,87.52593994140625,0.1612155156257825,195
2015-04,506,2866,22.10206413269043,87.61930084228516,0.16010952729445238,195
2015-04,506,2867,22.10206413269043,87.71266174316406,0.1640210983844904,195
2015-04,506,2868,22.10206413269043,87.80602264404297,0.2136306298084748,195
2015-04,506,2869,22.10206413269043,87.89938354492188,0.21678786881459064,195
2015-04,507,2820,22.026018142700195,83.32469177246094,0.07506169292789239,195
2015-04,507,2821,22.026018142700195,83.41805267333984,0.0740295727761128,195
2015-04,507,2822,22.026018142700195,83.51141357421875,0.07172173969447612,195
2015-04,507,2823,22.026018142700195,83.60477447509766,0.07546104288254028,195
2015-04,507,2824,22.026018142700195,83.69813537597656,0.07105015731201722,195
2015-04,507,2825,22.026018142700195,83.79149627685547,0.06992163287523465,195
2015-04,507,2826,22.026018142700195,83.88485717773438,0.07691234929057268,195
2015-04,507,2827,22.026018142700195,83.97821807861328,0.08244831625085611,195
2015-04,507,2828,22.026018142700195,84.07157897949219,0.08346729032122172,195
2015-04,507,2829,22.026018142700195,84.1649398803711,0.08428915225160427,195
2015-04,507,2830,22.026018142700195,84.25830078125,0.08807622713920397,195
2015-04,507,2831,22.026018142700195,84.3516616821289,0.08180811226558991,195
2015-04,507,2832,22.026018142700195,84.44502258300781,0.10167290346744733,195
2015-04,507,2833,22.026018142700195,84.53838348388672,0.10675525394005653,195
2015-04,507,2834,22.026018142700195,84.63174438476562,0.10157689054807027,195
2015-04,507,2835,22.026018142700195,84.72510528564453,0.10330230740782542,195
2015-04,507,2836,22.026018142700195,84.81846618652344,0.10289861470078811,195
2015-04,507,2837,22.026018142700195,84.91182708740234,0.10522280215070798,195
2015-04,507,2838,22.026018142700195,85.00518798828125,0.1050646975158881,195
2015-04,507,2839,22.026018142700195,85.09854888916016,0.10735304628809293,195
2015-04,507,2840,22.026018142700195,85.19190979003906,0.10776272513545476,195
2015-04,507,2841,22.026018142700195,85.28527069091797,0.10969425304195819,195
2015-04,507,2842,22.026018142700195,85.37863159179688,0.11501730114985735,195
2015-04,507,2843,22.026018142700195,85.47199249267578,0.1631257591339258,195
2015-04,507,2844,22.026018142700195,85.56535339355469,0.1641099119033569,195
2015-04,507,2845,22.026018142700195,85.6587142944336,0.16351458437931843,195
2015-04,507,2846,22.026018142700195,85.7520751953125,0.1605161931270208,195
2015-04,507,2847,22.026018142700195,85.8454360961914,0.15903280419416918,195
2015-04,507,2848,22.026018142700195,85.93879699707031,0.15720691401989031,195
2015-04,507,2849,22.026018142700195,86.03215789794922,0.11865350984227963,195
2015-04,507,2850,22.026018142700195,86.12551879882812,0.16694045651417513,195
2015-04,507,2851,22.026018142700195,86.21887969970703,0.1694397679124123,195
2015-04,507,2852,22.026018142700195,86.31224060058594,0.14172213834065658,195
2015-04,507,2853,22.026018142700195,86.40560150146484,0.1283566911633198,195
2015-04,507,2854,22.026018142700195,86.49896240234375,0.13331924073207072,195
2015-04,507,2855,22.026018142700195,86.59232330322266,0.1459053942026236,195
2015-04,507,2856,22.026018142700195,86.68568420410156,0.16894898273241826,195
2015-04,507,2857,22.026018142700195,86.77904510498047,0.1654773344214146,195
2015-04,507,2858,22.026018142700195,86.87240600585938,0.16251744234409088,195
2015-04,507,2859,22.026018142700195,86.96576690673828,0.16217736697349794,195
2015-04,507,2860,22.026018142700195,87.05912780761719,0.16271572838991116,195
2015-04,507,2861,22.026018142700195,87.1524887084961,0.1601458352727768,195
2015-04,507,2862,22.026018142700195,87.245849609375,0.1594900987469233,195
2015-04,507,2863,22.026018142700195,87.3392105102539,0.1707215061936623,195
2015-04,507,2864,22.026018142700195,87.43257904052734,0.15238357209242306,195
2015-04,507,2865,22.026018142700195,87.52593994140625,0.16057699395295902,195
2015-04,507,2866,22.026018142700195,87.61930084228516,0.16206891238689422,195
2015-04,507,2867,22.026018142700195,87.71266174316406,0.2519366063368626,195
2015-04,507,2868,22.026018142700195,87.80602264404297,0.25528321067492166,195
2015-04,507,2869,22.026018142700195,87.89938354492188,0.2580132035108713,195
2015-04,508,2820,21.950010299682617,83.32469177246094,0.08078534291722836,195
2015-04,508,2821,21.950010299682617,83.41805267333984,0.0775763805095966,195
2015-04,508,2822,21.950010299682617,83.51141357421875,0.07329527293451321,195
2015-04,508,2823,21.950010299682617,83.60477447509766,0.07008904920747647,195
2015-04,508,2824,21.950010299682617,83.69813537597656,0.07085449267656375,195
2015-04,508,2825,21.950010299682617,83.79149627685547,0.06932904412731146,195
2015-04,508,2826,21.950010299682617,83.88485717773438,0.07459003990277266,195
2015-04,508,2827,21.950010299682617,83.97821807861328,0.08320554343935771,195
2015-04,508,2828,21.950010299682617,84.07157897949219,0.08502501707810622,195
2015-04,508,2829,21.950010299682617,84.1649398803711,0.08381972922346531,195
2015-04,508,2830,21.950010299682617,84.25830078125,0.08434737034333058,195
2015-04,508,2831,21.950010299682617,84.3516616821289,0.07930003692133304,195
2015-04,508,2832,21.950010299682617,84.44502258300781,0.07992392569207228,195
2015-04,508,2833,21.950010299682617,84.53838348388672,0.07915104852081874,195
2015-04,508,2834,21.950010299682617,84.63174438476562,0.10757961978132909,195
2015-04,508,2835,21.950010299682617,84.72510528564453,0.10375279381107061,195
2015-04,508,2836,21.950010299682617,84.81846618652344,0.10491120985303169,195
2015-04,508,2837,21.950010299682617,84.91182708740234,0.10846447316117776,195
2015-04,508,2838,21.950010299682617,85.00518798828125,0.08356623778549524,195
2015-04,508,2839,21.950010299682617,85.09854888916016,0.10865587301743336,195
2015-04,508,2840,21.950010299682617,85.19190979003906,0.11029662316044171,195
2015-04,508,2841,21.950010299682617,85.28527069091797,0.11544947702533159,195
2015-04,508,2842,21.950010299682617,85.37863159179688,0.1165021769893475,195
2015-04,508,2843,21.950010299682617,85.47199249267578,0.16520408433981432,195
2015-04,508,2844,21.950010299682617,85.56535339355469,0.16614872087270785,195
2015-04,508,2845,21.950010299682617,85.6587142944336,0.16613768759446265,195
2015-04,508,2846,21.950010299682617,85.7520751953125,0.16321770302378213,195
2015-04,508,2847,21.950010299682617,85.8454360961914,0.16093099740071173,195
2015-04,508,2848,21.950010299682617,85.93879699707031,0.16036039701639077,195
2015-04,508,2849,21.950010299682617,86.03215789794922,0.16645374019176531,195
2015-04,508,2850,21.950010299682617,86.12551879882812,0.17187021909615932,195
2015-04,508,2851,21.950010299682617,86.21887969970703,0.14399796701394596,195
2015-04,508,2852,21.950010299682617,86.31224060058594,0.14366211719237842,195
2015-04,508,2853,21.950010299682617,86.40560150146484,0.1454271287872241,195
2015-04,508,2854,21.950010299682617,86.49896240234375,0.14453304207477813,195
2015-04,508,2855,21.950010299682617,86.59232330322266,0.13727846619410392,195
2015-04,508,2856,21.950010299682617,86.68568420410156,0.16818651281870328,195
2015-04,508,2857,21.950010299682617,86.77904510498047,0.16507653693358104,195
2015-04,508,2858,21.950010299682617,86.87240600585938,0.16201257208983103,195
2015-04,508,2859,21.950010299682617,86.96576690673828,0.16293529841380242,195
2015-04,508,2860,21.950010299682617,87.05912780761719,0.16031923775489515,195
2015-04,508,2861,21.950010299682617,87.1524887084961,0.15780083323136354,195
2015-04,508,2862,21.950010299682617,87.245849609375,0.15396485206408378,195
2015-04,508,2863,21.950010299682617,87.3392105102539,0.16427509838189835,195
2015-04,508,2864,21.950010299682617,87.43257904052734,0.16135339247874725,195
2015-04,508,2865,21.950010299682617,87.52593994140625,0.16050469080607097,195
2015-04,508,2866,21.950010299682617,87.61930084228516,0.2479502281317344,195
2015-04,508,2867,21.950010299682617,87.71266174316406,0.2501271487046511,195
2015-04,508,2868,21.950010299682617,87.80602264404297,0.25242175757884977,195
2015-04,508,2869,21.950010299682617,87.89938354492188,0.25453889461664053,195
